Product code,Station number,Year,Month,Lowest temperature (Â°C),Day,Quality
IDCJAC0008,086071,1855,05,5.0,29,Y
IDCJAC0008,086071,1855,06,1.7,12,Y
IDCJAC0008,086071,1855,07,-1.3,12,Y
IDCJAC0008,086071,1855,08,0.0,30,Y
IDCJAC0008,086071,1855,09,5.3,05,Y
IDCJAC0008,086071,1855,10,2.5,05,Y
IDCJAC0008,086071,1855,11,7.5,08,Y
IDCJAC0008,086071,1855,12,8.6,03,Y
IDCJAC0008,086071,1856,01,9.4,25,Y
IDCJAC0008,086071,1856,02,10.0,29,Y
IDCJAC0008,086071,1856,03,8.9,01,Y
IDCJAC0008,086071,1856,04,6.7,20,Y
IDCJAC0008,086071,1856,05,5.5,31,Y
IDCJAC0008,086071,1856,06,2.1,29,Y
IDCJAC0008,086071,1856,07,0.0,09,Y
IDCJAC0008,086071,1856,08,2.7,15,Y
IDCJAC0008,086071,1856,09,1.6,27,Y
IDCJAC0008,086071,1856,10,1.7,02,Y
IDCJAC0008,086071,1856,11,6.1,07,Y
IDCJAC0008,086071,1856,12,7.1,02,Y
IDCJAC0008,086071,1857,01,8.9,19,Y
IDCJAC0008,086071,1857,02,11.9,06,Y
IDCJAC0008,086071,1857,03,7.7,30,Y
IDCJAC0008,086071,1857,04,7.5,02,Y
IDCJAC0008,086071,1857,05,3.6,17,Y
IDCJAC0008,086071,1857,06,2.8,17,Y
IDCJAC0008,086071,1857,07,0.9,09,Y
IDCJAC0008,086071,1857,08,-0.3,12,Y
IDCJAC0008,086071,1857,09,1.3,16,Y
IDCJAC0008,086071,1857,10,4.5,10,Y
IDCJAC0008,086071,1857,11,5.9,14,Y
IDCJAC0008,086071,1857,12,8.7,05,Y
IDCJAC0008,086071,1858,01,9.7,14,Y
IDCJAC0008,086071,1858,02,8.5,03,Y
IDCJAC0008,086071,1858,03,8.3,23,Y
IDCJAC0008,086071,1858,04,4.9,14,Y
IDCJAC0008,086071,1858,05,3.7,27,Y
IDCJAC0008,086071,1858,06,1.1,05,Y
IDCJAC0008,086071,1858,07,0.3,02,Y
IDCJAC0008,086071,1858,08,1.9,26,Y
IDCJAC0008,086071,1858,09,2.1,10,Y
IDCJAC0008,086071,1858,10,3.7,02,Y
IDCJAC0008,086071,1858,11,4.1,04,Y
IDCJAC0008,086071,1858,12,7.3,10,Y
IDCJAC0008,086071,1859,01,9.9,27,Y
IDCJAC0008,086071,1859,02,8.1,27,Y
IDCJAC0008,086071,1859,03,6.1,30,Y
IDCJAC0008,086071,1859,04,4.3,18,Y
IDCJAC0008,086071,1859,05,3.3,25,Y
IDCJAC0008,086071,1859,06,0.9,05,Y
IDCJAC0008,086071,1859,07,-0.5,15,Y
IDCJAC0008,086071,1859,08,-0.3,01,Y
IDCJAC0008,086071,1859,09,1.7,20,Y
IDCJAC0008,086071,1859,10,4.3,23,Y
IDCJAC0008,086071,1859,11,6.7,05,Y
IDCJAC0008,086071,1859,12,10.0,12,Y
IDCJAC0008,086071,1860,01,8.5,16,Y
IDCJAC0008,086071,1860,02,8.3,07,Y
IDCJAC0008,086071,1860,03,7.7,24,Y
IDCJAC0008,086071,1860,04,6.3,25,Y
IDCJAC0008,086071,1860,05,5.3,29,Y
IDCJAC0008,086071,1860,06,1.1,15,Y
IDCJAC0008,086071,1860,07,-1.7,14,Y
IDCJAC0008,086071,1860,08,1.4,29,Y
IDCJAC0008,086071,1860,09,1.2,22,Y
IDCJAC0008,086071,1860,10,3.2,17,Y
IDCJAC0008,086071,1860,11,7.0,11,Y
IDCJAC0008,086071,1860,12,8.4,03,Y
IDCJAC0008,086071,1861,01,10.9,22,Y
IDCJAC0008,086071,1861,02,10.7,07,Y
IDCJAC0008,086071,1861,03,6.7,29,Y
IDCJAC0008,086071,1861,04,4.5,25,Y
IDCJAC0008,086071,1861,05,3.1,18,Y
IDCJAC0008,086071,1861,06,1.4,29,Y
IDCJAC0008,086071,1861,07,-0.1,24,Y
IDCJAC0008,086071,1861,08,1.2,07,Y
IDCJAC0008,086071,1861,09,1.4,04,Y
IDCJAC0008,086071,1861,10,4.4,06,Y
IDCJAC0008,086071,1861,11,4.7,15,Y
IDCJAC0008,086071,1861,12,7.2,08,Y
IDCJAC0008,086071,1862,01,8.7,23,Y
IDCJAC0008,086071,1862,02,10.5,27,Y
IDCJAC0008,086071,1862,03,7.8,01,Y
IDCJAC0008,086071,1862,04,5.0,16,Y
IDCJAC0008,086071,1862,05,2.7,16,Y
IDCJAC0008,086071,1862,06,1.7,16,Y
IDCJAC0008,086071,1862,07,1.7,01,Y
IDCJAC0008,086071,1862,08,0.5,04,Y
IDCJAC0008,086071,1862,09,3.4,26,Y
IDCJAC0008,086071,1862,10,0.7,10,Y
IDCJAC0008,086071,1862,11,6.3,12,Y
IDCJAC0008,086071,1862,12,7.1,02,Y
IDCJAC0008,086071,1863,01,10.1,18,Y
IDCJAC0008,086071,1863,02,10.3,10,Y
IDCJAC0008,086071,1863,03,7.9,23,Y
IDCJAC0008,086071,1863,04,5.7,30,Y
IDCJAC0008,086071,1863,05,3.3,29,Y
IDCJAC0008,086071,1863,06,2.1,26,Y
IDCJAC0008,086071,1863,07,0.5,20,Y
IDCJAC0008,086071,1863,08,-2.1,11,Y
IDCJAC0008,086071,1863,09,0.5,12,Y
IDCJAC0008,086071,1863,10,3.2,03,Y
IDCJAC0008,086071,1863,11,4.7,04,Y
IDCJAC0008,086071,1863,12,9.3,27,Y
IDCJAC0008,086071,1864,01,7.1,30,Y
IDCJAC0008,086071,1864,02,6.1,28,Y
IDCJAC0008,086071,1864,03,6.6,07,Y
IDCJAC0008,086071,1864,04,5.6,25,Y
IDCJAC0008,086071,1864,05,1.2,30,Y
IDCJAC0008,086071,1864,06,2.1,10,Y
IDCJAC0008,086071,1864,07,-0.8,04,Y
IDCJAC0008,086071,1864,08,0.3,25,Y
IDCJAC0008,086071,1864,09,2.9,04,Y
IDCJAC0008,086071,1864,10,5.0,31,Y
IDCJAC0008,086071,1864,11,5.5,19,Y
IDCJAC0008,086071,1864,12,7.6,05,Y
IDCJAC0008,086071,1865,01,9.7,10,Y
IDCJAC0008,086071,1865,02,4.6,09,Y
IDCJAC0008,086071,1865,03,6.7,18,Y
IDCJAC0008,086071,1865,04,1.7,23,Y
IDCJAC0008,086071,1865,05,0.9,21,Y
IDCJAC0008,086071,1865,06,0.0,15,Y
IDCJAC0008,086071,1865,07,-0.6,21,Y
IDCJAC0008,086071,1865,08,0.1,10,Y
IDCJAC0008,086071,1865,09,1.7,09,Y
IDCJAC0008,086071,1865,10,2.0,02,Y
IDCJAC0008,086071,1865,11,4.7,04,Y
IDCJAC0008,086071,1865,12,6.5,17,Y
IDCJAC0008,086071,1866,01,7.7,04,Y
IDCJAC0008,086071,1866,02,8.0,25,Y
IDCJAC0008,086071,1866,03,5.4,02,Y
IDCJAC0008,086071,1866,04,4.3,07,Y
IDCJAC0008,086071,1866,05,2.7,16,Y
IDCJAC0008,086071,1866,06,-2.2,11,Y
IDCJAC0008,086071,1866,07,-1.1,31,Y
IDCJAC0008,086071,1866,08,-1.1,19,Y
IDCJAC0008,086071,1866,09,2.7,13,Y
IDCJAC0008,086071,1866,10,3.9,11,Y
IDCJAC0008,086071,1866,11,4.4,10,Y
IDCJAC0008,086071,1866,12,7.7,25,Y
IDCJAC0008,086071,1867,01,8.0,19,Y
IDCJAC0008,086071,1867,02,6.2,28,Y
IDCJAC0008,086071,1867,03,5.5,31,Y
IDCJAC0008,086071,1867,04,4.9,20,Y
IDCJAC0008,086071,1867,05,2.7,20,Y
IDCJAC0008,086071,1867,06,2.1,29,Y
IDCJAC0008,086071,1867,07,-0.5,31,Y
IDCJAC0008,086071,1867,08,-1.3,01,Y
IDCJAC0008,086071,1867,09,1.8,07,Y
IDCJAC0008,086071,1867,10,4.6,29,Y
IDCJAC0008,086071,1867,11,4.1,06,Y
IDCJAC0008,086071,1867,12,5.7,05,Y
IDCJAC0008,086071,1868,01,6.7,28,Y
IDCJAC0008,086071,1868,02,6.1,25,Y
IDCJAC0008,086071,1868,03,6.9,24,Y
IDCJAC0008,086071,1868,04,2.0,05,Y
IDCJAC0008,086071,1868,05,-0.1,31,Y
IDCJAC0008,086071,1868,06,-1.1,16,Y
IDCJAC0008,086071,1868,07,-2.5,11,Y
IDCJAC0008,086071,1868,08,-0.7,17,Y
IDCJAC0008,086071,1868,09,1.7,04,Y
IDCJAC0008,086071,1868,10,3.3,05,Y
IDCJAC0008,086071,1868,11,6.1,19,Y
IDCJAC0008,086071,1868,12,4.9,09,Y
IDCJAC0008,086071,1869,01,7.7,16,Y
IDCJAC0008,086071,1869,02,7.7,27,Y
IDCJAC0008,086071,1869,03,5.5,19,Y
IDCJAC0008,086071,1869,04,4.3,29,Y
IDCJAC0008,086071,1869,05,3.7,13,Y
IDCJAC0008,086071,1869,06,-0.5,16,Y
IDCJAC0008,086071,1869,07,-2.8,21,Y
IDCJAC0008,086071,1869,08,0.4,18,Y
IDCJAC0008,086071,1869,09,1.1,06,Y
IDCJAC0008,086071,1869,10,2.7,14,Y
IDCJAC0008,086071,1869,11,4.9,07,Y
IDCJAC0008,086071,1869,12,7.1,30,Y
IDCJAC0008,086071,1870,01,7.5,16,Y
IDCJAC0008,086071,1870,02,4.7,27,Y
IDCJAC0008,086071,1870,03,5.7,01,Y
IDCJAC0008,086071,1870,04,6.7,30,Y
IDCJAC0008,086071,1870,05,0.9,10,Y
IDCJAC0008,086071,1870,06,-1.3,15,Y
IDCJAC0008,086071,1870,07,-0.7,13,Y
IDCJAC0008,086071,1870,08,1.7,30,Y
IDCJAC0008,086071,1870,09,2.0,21,Y
IDCJAC0008,086071,1870,10,2.9,12,Y
IDCJAC0008,086071,1870,11,5.7,27,Y
IDCJAC0008,086071,1870,12,4.4,04,Y
IDCJAC0008,086071,1871,01,8.9,15,Y
IDCJAC0008,086071,1871,02,9.6,02,Y
IDCJAC0008,086071,1871,03,6.7,19,Y
IDCJAC0008,086071,1871,04,4.0,16,Y
IDCJAC0008,086071,1871,05,4.4,18,Y
IDCJAC0008,086071,1871,06,0.5,18,Y
IDCJAC0008,086071,1871,07,1.3,04,Y
IDCJAC0008,086071,1871,08,3.3,03,Y
IDCJAC0008,086071,1871,09,3.1,06,Y
IDCJAC0008,086071,1871,10,0.1,03,Y
IDCJAC0008,086071,1871,11,5.3,07,Y
IDCJAC0008,086071,1871,12,6.7,26,Y
IDCJAC0008,086071,1872,01,8.1,03,Y
IDCJAC0008,086071,1872,02,9.1,08,Y
IDCJAC0008,086071,1872,03,6.2,31,Y
IDCJAC0008,086071,1872,04,5.1,23,Y
IDCJAC0008,086071,1872,05,1.7,07,Y
IDCJAC0008,086071,1872,06,2.1,13,Y
IDCJAC0008,086071,1872,07,1.1,18,Y
IDCJAC0008,086071,1872,08,0.3,10,Y
IDCJAC0008,086071,1872,09,1.7,07,Y
IDCJAC0008,086071,1872,10,4.2,01,Y
IDCJAC0008,086071,1872,11,5.5,13,Y
IDCJAC0008,086071,1872,12,7.5,31,Y
IDCJAC0008,086071,1873,01,8.3,31,Y
IDCJAC0008,086071,1873,02,9.5,01,Y
IDCJAC0008,086071,1873,03,6.3,24,Y
IDCJAC0008,086071,1873,04,5.7,28,Y
IDCJAC0008,086071,1873,05,3.1,29,Y
IDCJAC0008,086071,1873,06,2.7,16,Y
IDCJAC0008,086071,1873,07,-0.5,23,Y
IDCJAC0008,086071,1873,08,4.2,15,Y
IDCJAC0008,086071,1873,09,1.3,01,Y
IDCJAC0008,086071,1873,10,2.0,05,Y
IDCJAC0008,086071,1873,11,5.9,12,Y
IDCJAC0008,086071,1873,12,7.1,14,Y
IDCJAC0008,086071,1874,01,9.9,22,Y
IDCJAC0008,086071,1874,02,6.9,10,Y
IDCJAC0008,086071,1874,03,8.3,24,Y
IDCJAC0008,086071,1874,04,5.1,15,Y
IDCJAC0008,086071,1874,05,2.3,16,Y
IDCJAC0008,086071,1874,06,-0.1,27,Y
IDCJAC0008,086071,1874,07,-1.1,31,Y
IDCJAC0008,086071,1874,08,-1.5,05,Y
IDCJAC0008,086071,1874,09,1.1,12,Y
IDCJAC0008,086071,1874,10,2.9,01,Y
IDCJAC0008,086071,1874,11,5.0,15,Y
IDCJAC0008,086071,1874,12,6.7,24,Y
IDCJAC0008,086071,1875,01,8.3,14,Y
IDCJAC0008,086071,1875,02,7.2,02,Y
IDCJAC0008,086071,1875,03,5.0,22,Y
IDCJAC0008,086071,1875,04,4.6,23,Y
IDCJAC0008,086071,1875,05,2.3,19,Y
IDCJAC0008,086071,1875,06,1.7,28,Y
IDCJAC0008,086071,1875,07,-0.5,08,Y
IDCJAC0008,086071,1875,08,3.1,06,Y
IDCJAC0008,086071,1875,09,1.1,15,Y
IDCJAC0008,086071,1875,10,3.6,30,Y
IDCJAC0008,086071,1875,11,6.7,17,Y
IDCJAC0008,086071,1875,12,7.1,07,Y
IDCJAC0008,086071,1876,01,6.6,22,Y
IDCJAC0008,086071,1876,02,6.1,28,Y
IDCJAC0008,086071,1876,03,7.3,27,Y
IDCJAC0008,086071,1876,04,5.0,27,Y
IDCJAC0008,086071,1876,05,1.5,20,Y
IDCJAC0008,086071,1876,06,0.6,29,Y
IDCJAC0008,086071,1876,07,-1.7,22,Y
IDCJAC0008,086071,1876,08,1.1,02,Y
IDCJAC0008,086071,1876,09,0.6,12,Y
IDCJAC0008,086071,1876,10,6.0,08,Y
IDCJAC0008,086071,1876,11,5.6,11,Y
IDCJAC0008,086071,1876,12,7.1,03,Y
IDCJAC0008,086071,1877,01,5.7,28,Y
IDCJAC0008,086071,1877,02,7.5,04,Y
IDCJAC0008,086071,1877,03,8.4,17,Y
IDCJAC0008,086071,1877,04,3.9,28,Y
IDCJAC0008,086071,1877,05,4.3,28,Y
IDCJAC0008,086071,1877,06,1.8,25,Y
IDCJAC0008,086071,1877,07,-0.5,12,Y
IDCJAC0008,086071,1877,08,-0.5,30,Y
IDCJAC0008,086071,1877,09,3.1,07,Y
IDCJAC0008,086071,1877,10,5.5,16,Y
IDCJAC0008,086071,1877,11,3.6,10,Y
IDCJAC0008,086071,1877,12,6.1,06,Y
IDCJAC0008,086071,1878,01,7.8,22,Y
IDCJAC0008,086071,1878,02,8.9,24,Y
IDCJAC0008,086071,1878,03,7.3,18,Y
IDCJAC0008,086071,1878,04,6.7,05,Y
IDCJAC0008,086071,1878,05,0.7,16,Y
IDCJAC0008,086071,1878,06,-0.5,22,Y
IDCJAC0008,086071,1878,07,0.5,15,Y
IDCJAC0008,086071,1878,08,2.7,06,Y
IDCJAC0008,086071,1878,09,3.3,28,Y
IDCJAC0008,086071,1878,10,3.8,19,Y
IDCJAC0008,086071,1878,11,7.2,20,Y
IDCJAC0008,086071,1878,12,8.1,28,Y
IDCJAC0008,086071,1879,01,8.3,03,Y
IDCJAC0008,086071,1879,02,8.3,25,Y
IDCJAC0008,086071,1879,03,5.6,31,Y
IDCJAC0008,086071,1879,04,5.1,20,Y
IDCJAC0008,086071,1879,05,1.3,28,Y
IDCJAC0008,086071,1879,06,-0.1,23,Y
IDCJAC0008,086071,1879,07,-0.5,04,Y
IDCJAC0008,086071,1879,08,-0.8,06,Y
IDCJAC0008,086071,1879,09,3.4,21,Y
IDCJAC0008,086071,1879,10,3.7,14,Y
IDCJAC0008,086071,1879,11,5.7,06,Y
IDCJAC0008,086071,1879,12,7.8,09,Y
IDCJAC0008,086071,1880,01,7.7,10,Y
IDCJAC0008,086071,1880,02,11.8,18,Y
IDCJAC0008,086071,1880,03,10.7,15,Y
IDCJAC0008,086071,1880,04,7.3,11,Y
IDCJAC0008,086071,1880,05,4.6,27,Y
IDCJAC0008,086071,1880,06,0.1,21,Y
IDCJAC0008,086071,1880,07,-1.7,18,Y
IDCJAC0008,086071,1880,08,2.2,22,Y
IDCJAC0008,086071,1880,09,3.0,26,Y
IDCJAC0008,086071,1880,10,4.3,15,Y
IDCJAC0008,086071,1880,11,4.5,06,Y
IDCJAC0008,086071,1880,12,6.1,09,Y
IDCJAC0008,086071,1881,01,8.9,31,Y
IDCJAC0008,086071,1881,02,9.1,15,Y
IDCJAC0008,086071,1881,03,9.7,16,Y
IDCJAC0008,086071,1881,04,4.9,29,Y
IDCJAC0008,086071,1881,05,2.1,19,Y
IDCJAC0008,086071,1881,06,-0.1,10,Y
IDCJAC0008,086071,1881,07,1.3,28,Y
IDCJAC0008,086071,1881,08,0.6,24,Y
IDCJAC0008,086071,1881,09,1.6,13,Y
IDCJAC0008,086071,1881,10,1.9,07,Y
IDCJAC0008,086071,1881,11,6.3,05,Y
IDCJAC0008,086071,1881,12,7.7,10,Y
IDCJAC0008,086071,1882,01,8.3,31,Y
IDCJAC0008,086071,1882,02,7.8,24,Y
IDCJAC0008,086071,1882,03,7.3,27,Y
IDCJAC0008,086071,1882,04,5.5,08,Y
IDCJAC0008,086071,1882,05,3.3,20,Y
IDCJAC0008,086071,1882,06,-0.3,09,Y
IDCJAC0008,086071,1882,07,0.5,21,Y
IDCJAC0008,086071,1882,08,1.1,11,Y
IDCJAC0008,086071,1882,09,1.1,15,Y
IDCJAC0008,086071,1882,10,2.3,11,Y
IDCJAC0008,086071,1882,11,5.9,04,Y
IDCJAC0008,086071,1882,12,8.3,01,Y
IDCJAC0008,086071,1883,01,9.3,12,Y
IDCJAC0008,086071,1883,02,8.0,20,Y
IDCJAC0008,086071,1883,03,7.7,06,Y
IDCJAC0008,086071,1883,04,7.3,26,Y
IDCJAC0008,086071,1883,05,2.1,10,Y
IDCJAC0008,086071,1883,06,2.9,10,Y
IDCJAC0008,086071,1883,07,-0.1,23,Y
IDCJAC0008,086071,1883,08,0.5,22,Y
IDCJAC0008,086071,1883,09,2.4,29,Y
IDCJAC0008,086071,1883,10,5.3,06,Y
IDCJAC0008,086071,1883,11,3.3,02,Y
IDCJAC0008,086071,1883,12,7.9,04,Y
IDCJAC0008,086071,1884,01,7.3,18,Y
IDCJAC0008,086071,1884,02,7.2,05,Y
IDCJAC0008,086071,1884,03,2.8,17,Y
IDCJAC0008,086071,1884,04,4.8,30,Y
IDCJAC0008,086071,1884,05,3.3,21,Y
IDCJAC0008,086071,1884,06,1.1,30,Y
IDCJAC0008,086071,1884,07,-1.1,25,Y
IDCJAC0008,086071,1884,08,0.5,01,Y
IDCJAC0008,086071,1884,09,1.7,17,Y
IDCJAC0008,086071,1884,10,2.2,07,Y
IDCJAC0008,086071,1884,11,5.3,09,Y
IDCJAC0008,086071,1884,12,6.3,01,Y
IDCJAC0008,086071,1885,01,5.5,28,Y
IDCJAC0008,086071,1885,02,7.8,03,Y
IDCJAC0008,086071,1885,03,5.8,21,Y
IDCJAC0008,086071,1885,04,4.4,30,Y
IDCJAC0008,086071,1885,05,5.1,14,Y
IDCJAC0008,086071,1885,06,0.1,23,Y
IDCJAC0008,086071,1885,07,-1.1,15,Y
IDCJAC0008,086071,1885,08,-0.1,01,Y
IDCJAC0008,086071,1885,09,4.4,06,Y
IDCJAC0008,086071,1885,10,2.5,04,Y
IDCJAC0008,086071,1885,11,5.6,11,Y
IDCJAC0008,086071,1885,12,8.5,01,Y
IDCJAC0008,086071,1886,01,9.1,12,Y
IDCJAC0008,086071,1886,02,7.7,14,Y
IDCJAC0008,086071,1886,03,6.3,01,Y
IDCJAC0008,086071,1886,04,3.1,30,Y
IDCJAC0008,086071,1886,05,0.3,29,Y
IDCJAC0008,086071,1886,06,0.5,27,Y
IDCJAC0008,086071,1886,07,-2.1,09,Y
IDCJAC0008,086071,1886,08,0.5,24,Y
IDCJAC0008,086071,1886,09,2.5,12,Y
IDCJAC0008,086071,1886,10,3.7,08,Y
IDCJAC0008,086071,1886,11,6.5,15,Y
IDCJAC0008,086071,1886,12,8.1,22,Y
IDCJAC0008,086071,1887,01,8.8,01,Y
IDCJAC0008,086071,1887,02,8.1,20,Y
IDCJAC0008,086071,1887,03,5.5,28,Y
IDCJAC0008,086071,1887,04,5.1,30,Y
IDCJAC0008,086071,1887,05,2.7,20,Y
IDCJAC0008,086071,1887,06,0.5,27,Y
IDCJAC0008,086071,1887,07,1.6,11,Y
IDCJAC0008,086071,1887,08,0.9,02,Y
IDCJAC0008,086071,1887,09,1.7,20,Y
IDCJAC0008,086071,1887,10,3.3,24,Y
IDCJAC0008,086071,1887,11,5.3,17,Y
IDCJAC0008,086071,1887,12,7.8,05,Y
IDCJAC0008,086071,1888,01,9.3,25,Y
IDCJAC0008,086071,1888,02,6.1,15,Y
IDCJAC0008,086071,1888,03,5.5,22,Y
IDCJAC0008,086071,1888,04,1.5,24,Y
IDCJAC0008,086071,1888,05,4.4,17,Y
IDCJAC0008,086071,1888,06,2.3,27,Y
IDCJAC0008,086071,1888,07,-2.1,27,Y
IDCJAC0008,086071,1888,08,-1.1,05,Y
IDCJAC0008,086071,1888,09,1.3,05,Y
IDCJAC0008,086071,1888,10,1.7,09,Y
IDCJAC0008,086071,1888,11,3.3,01,Y
IDCJAC0008,086071,1888,12,8.4,02,Y
IDCJAC0008,086071,1889,01,9.8,05,Y
IDCJAC0008,086071,1889,02,7.5,20,Y
IDCJAC0008,086071,1889,03,6.1,01,Y
IDCJAC0008,086071,1889,04,2.9,28,Y
IDCJAC0008,086071,1889,05,4.1,08,Y
IDCJAC0008,086071,1889,06,3.1,27,Y
IDCJAC0008,086071,1889,07,-0.3,12,Y
IDCJAC0008,086071,1889,08,0.1,03,Y
IDCJAC0008,086071,1889,09,0.1,03,Y
IDCJAC0008,086071,1889,10,3.2,12,Y
IDCJAC0008,086071,1889,11,5.1,12,Y
IDCJAC0008,086071,1889,12,8.3,30,Y
IDCJAC0008,086071,1890,01,8.8,08,Y
IDCJAC0008,086071,1890,02,11.3,24,Y
IDCJAC0008,086071,1890,03,9.4,02,Y
IDCJAC0008,086071,1890,04,4.4,28,Y
IDCJAC0008,086071,1890,05,3.1,09,Y
IDCJAC0008,086071,1890,06,3.3,30,Y
IDCJAC0008,086071,1890,07,-1.7,16,Y
IDCJAC0008,086071,1890,08,0.9,05,Y
IDCJAC0008,086071,1890,09,1.7,09,Y
IDCJAC0008,086071,1890,10,5.9,02,Y
IDCJAC0008,086071,1890,11,7.3,16,Y
IDCJAC0008,086071,1890,12,5.9,17,Y
IDCJAC0008,086071,1891,01,7.9,03,Y
IDCJAC0008,086071,1891,02,7.2,06,Y
IDCJAC0008,086071,1891,03,7.7,01,Y
IDCJAC0008,086071,1891,04,5.0,26,Y
IDCJAC0008,086071,1891,05,1.3,20,Y
IDCJAC0008,086071,1891,06,1.7,09,Y
IDCJAC0008,086071,1891,07,1.1,31,Y
IDCJAC0008,086071,1891,08,3.9,01,Y
IDCJAC0008,086071,1891,09,2.1,26,Y
IDCJAC0008,086071,1891,10,3.3,14,Y
IDCJAC0008,086071,1891,11,6.8,03,Y
IDCJAC0008,086071,1891,12,7.1,26,Y
IDCJAC0008,086071,1892,01,8.4,09,Y
IDCJAC0008,086071,1892,02,8.3,27,Y
IDCJAC0008,086071,1892,03,6.2,31,Y
IDCJAC0008,086071,1892,04,4.7,16,Y
IDCJAC0008,086071,1892,05,2.1,24,Y
IDCJAC0008,086071,1892,06,1.4,14,Y
IDCJAC0008,086071,1892,07,1.3,30,Y
IDCJAC0008,086071,1892,08,-0.5,05,Y
IDCJAC0008,086071,1892,09,1.1,13,Y
IDCJAC0008,086071,1892,10,3.8,16,Y
IDCJAC0008,086071,1892,11,7.2,03,Y
IDCJAC0008,086071,1892,12,7.7,04,Y
IDCJAC0008,086071,1893,01,7.3,25,Y
IDCJAC0008,086071,1893,02,9.2,11,Y
IDCJAC0008,086071,1893,03,6.3,25,Y
IDCJAC0008,086071,1893,04,4.4,03,Y
IDCJAC0008,086071,1893,05,2.1,15,Y
IDCJAC0008,086071,1893,06,0.5,26,Y
IDCJAC0008,086071,1893,07,-0.5,28,Y
IDCJAC0008,086071,1893,08,0.8,01,Y
IDCJAC0008,086071,1893,09,1.1,02,Y
IDCJAC0008,086071,1893,10,5.4,11,Y
IDCJAC0008,086071,1893,11,7.1,22,Y
IDCJAC0008,086071,1893,12,6.5,03,Y
IDCJAC0008,086071,1894,01,11.1,15,Y
IDCJAC0008,086071,1894,02,7.9,13,Y
IDCJAC0008,086071,1894,03,8.5,29,Y
IDCJAC0008,086071,1894,04,6.6,14,Y
IDCJAC0008,086071,1894,05,2.9,27,Y
IDCJAC0008,086071,1894,06,1.5,29,Y
IDCJAC0008,086071,1894,07,-0.1,11,Y
IDCJAC0008,086071,1894,08,1.1,04,Y
IDCJAC0008,086071,1894,09,2.3,29,Y
IDCJAC0008,086071,1894,10,4.1,12,Y
IDCJAC0008,086071,1894,11,5.3,14,Y
IDCJAC0008,086071,1894,12,7.5,18,Y
IDCJAC0008,086071,1895,01,9.7,16,Y
IDCJAC0008,086071,1895,02,10.1,22,Y
IDCJAC0008,086071,1895,03,7.7,21,Y
IDCJAC0008,086071,1895,04,4.3,13,Y
IDCJAC0008,086071,1895,05,-0.3,26,Y
IDCJAC0008,086071,1895,06,-1.3,17,Y
IDCJAC0008,086071,1895,07,0.7,05,Y
IDCJAC0008,086071,1895,08,1.6,08,Y
IDCJAC0008,086071,1895,09,1.2,24,Y
IDCJAC0008,086071,1895,10,3.9,04,Y
IDCJAC0008,086071,1895,11,3.9,12,Y
IDCJAC0008,086071,1895,12,7.3,30,Y
IDCJAC0008,086071,1896,01,7.4,30,Y
IDCJAC0008,086071,1896,02,9.5,02,Y
IDCJAC0008,086071,1896,03,3.7,31,Y
IDCJAC0008,086071,1896,04,4.5,27,Y
IDCJAC0008,086071,1896,05,3.6,08,Y
IDCJAC0008,086071,1896,06,0.7,02,Y
IDCJAC0008,086071,1896,07,0.5,31,Y
IDCJAC0008,086071,1896,08,2.1,02,Y
IDCJAC0008,086071,1896,09,2.7,30,Y
IDCJAC0008,086071,1896,10,2.7,02,Y
IDCJAC0008,086071,1896,11,2.5,02,Y
IDCJAC0008,086071,1896,12,8.3,15,Y
IDCJAC0008,086071,1897,01,8.1,17,Y
IDCJAC0008,086071,1897,02,9.3,22,Y
IDCJAC0008,086071,1897,03,3.8,20,Y
IDCJAC0008,086071,1897,04,3.1,23,Y
IDCJAC0008,086071,1897,05,0.8,22,Y
IDCJAC0008,086071,1897,06,-0.3,13,Y
IDCJAC0008,086071,1897,07,1.4,29,Y
IDCJAC0008,086071,1897,08,1.1,11,Y
IDCJAC0008,086071,1897,09,2.5,04,Y
IDCJAC0008,086071,1897,10,3.5,04,Y
IDCJAC0008,086071,1897,11,6.2,09,Y
IDCJAC0008,086071,1897,12,9.0,11,Y
IDCJAC0008,086071,1898,01,8.9,23,Y
IDCJAC0008,086071,1898,02,8.3,18,Y
IDCJAC0008,086071,1898,03,5.1,22,Y
IDCJAC0008,086071,1898,04,5.1,21,Y
IDCJAC0008,086071,1898,05,1.7,26,Y
IDCJAC0008,086071,1898,06,0.1,21,Y
IDCJAC0008,086071,1898,07,1.7,02,Y
IDCJAC0008,086071,1898,08,0.4,03,Y
IDCJAC0008,086071,1898,09,4.4,10,Y
IDCJAC0008,086071,1898,10,3.4,05,Y
IDCJAC0008,086071,1898,11,6.8,06,Y
IDCJAC0008,086071,1898,12,6.7,01,Y
IDCJAC0008,086071,1899,01,7.7,25,Y
IDCJAC0008,086071,1899,02,9.0,02,Y
IDCJAC0008,086071,1899,03,8.9,20,Y
IDCJAC0008,086071,1899,04,4.4,27,Y
IDCJAC0008,086071,1899,05,2.1,29,Y
IDCJAC0008,086071,1899,06,1.4,18,Y
IDCJAC0008,086071,1899,07,-0.7,20,Y
IDCJAC0008,086071,1899,08,-0.2,01,Y
IDCJAC0008,086071,1899,09,1.7,25,Y
IDCJAC0008,086071,1899,10,2.3,01,Y
IDCJAC0008,086071,1899,11,6.0,16,Y
IDCJAC0008,086071,1899,12,7.5,12,Y
IDCJAC0008,086071,1900,01,8.3,09,Y
IDCJAC0008,086071,1900,02,8.3,28,Y
IDCJAC0008,086071,1900,03,7.5,29,Y
IDCJAC0008,086071,1900,04,4.2,16,Y
IDCJAC0008,086071,1900,05,3.6,16,Y
IDCJAC0008,086071,1900,06,2.4,12,Y
IDCJAC0008,086071,1900,07,1.0,03,Y
IDCJAC0008,086071,1900,08,2.1,21,Y
IDCJAC0008,086071,1900,09,1.8,05,Y
IDCJAC0008,086071,1900,10,3.3,06,Y
IDCJAC0008,086071,1900,11,4.7,07,Y
IDCJAC0008,086071,1900,12,7.5,24,Y
IDCJAC0008,086071,1901,01,8.1,10,Y
IDCJAC0008,086071,1901,02,9.5,04,Y
IDCJAC0008,086071,1901,03,7.5,20,Y
IDCJAC0008,086071,1901,04,4.3,18,Y
IDCJAC0008,086071,1901,05,2.7,30,Y
IDCJAC0008,086071,1901,06,-0.6,29,Y
IDCJAC0008,086071,1901,07,-1.1,06,Y
IDCJAC0008,086071,1901,08,1.1,02,Y
IDCJAC0008,086071,1901,09,4.4,17,Y
IDCJAC0008,086071,1901,10,2.9,24,Y
IDCJAC0008,086071,1901,11,4.1,07,Y
IDCJAC0008,086071,1901,12,6.5,25,Y
IDCJAC0008,086071,1902,01,7.9,28,Y
IDCJAC0008,086071,1902,02,8.5,05,Y
IDCJAC0008,086071,1902,03,4.6,21,Y
IDCJAC0008,086071,1902,04,6.6,12,Y
IDCJAC0008,086071,1902,05,2.8,20,Y
IDCJAC0008,086071,1902,06,1.8,30,Y
IDCJAC0008,086071,1902,07,-0.5,15,Y
IDCJAC0008,086071,1902,08,-1.3,14,Y
IDCJAC0008,086071,1902,09,1.7,17,Y
IDCJAC0008,086071,1902,10,3.9,16,Y
IDCJAC0008,086071,1902,11,7.2,29,Y
IDCJAC0008,086071,1902,12,8.9,30,Y
IDCJAC0008,086071,1903,01,9.3,22,Y
IDCJAC0008,086071,1903,02,5.9,25,Y
IDCJAC0008,086071,1903,03,6.2,24,Y
IDCJAC0008,086071,1903,04,6.9,16,Y
IDCJAC0008,086071,1903,05,0.7,28,Y
IDCJAC0008,086071,1903,06,0.6,24,Y
IDCJAC0008,086071,1903,07,-1.6,12,Y
IDCJAC0008,086071,1903,08,-0.9,29,Y
IDCJAC0008,086071,1903,09,1.3,15,Y
IDCJAC0008,086071,1903,10,4.9,03,Y
IDCJAC0008,086071,1903,11,5.5,13,Y
IDCJAC0008,086071,1903,12,7.5,04,Y
IDCJAC0008,086071,1904,01,8.9,27,Y
IDCJAC0008,086071,1904,02,9.4,29,Y
IDCJAC0008,086071,1904,03,5.3,24,Y
IDCJAC0008,086071,1904,04,5.4,24,Y
IDCJAC0008,086071,1904,05,2.1,25,Y
IDCJAC0008,086071,1904,06,0.5,18,Y
IDCJAC0008,086071,1904,07,-0.3,23,Y
IDCJAC0008,086071,1904,08,1.1,26,Y
IDCJAC0008,086071,1904,09,1.7,12,Y
IDCJAC0008,086071,1904,10,3.4,03,Y
IDCJAC0008,086071,1904,11,5.3,20,Y
IDCJAC0008,086071,1904,12,7.1,22,Y
IDCJAC0008,086071,1905,01,7.5,24,Y
IDCJAC0008,086071,1905,02,8.3,08,Y
IDCJAC0008,086071,1905,03,6.7,13,Y
IDCJAC0008,086071,1905,04,3.7,21,Y
IDCJAC0008,086071,1905,05,3.5,21,Y
IDCJAC0008,086071,1905,06,3.0,27,Y
IDCJAC0008,086071,1905,07,1.7,04,Y
IDCJAC0008,086071,1905,08,0.0,02,Y
IDCJAC0008,086071,1905,09,0.0,18,Y
IDCJAC0008,086071,1905,10,2.2,08,Y
IDCJAC0008,086071,1905,11,5.3,29,Y
IDCJAC0008,086071,1905,12,8.3,28,Y
IDCJAC0008,086071,1906,01,7.3,02,Y
IDCJAC0008,086071,1906,02,9.1,25,Y
IDCJAC0008,086071,1906,03,7.6,04,Y
IDCJAC0008,086071,1906,04,4.6,20,Y
IDCJAC0008,086071,1906,05,3.1,22,Y
IDCJAC0008,086071,1906,06,0.9,11,Y
IDCJAC0008,086071,1906,07,0.5,26,Y
IDCJAC0008,086071,1906,08,-0.5,30,Y
IDCJAC0008,086071,1906,09,2.2,07,Y
IDCJAC0008,086071,1906,10,3.2,09,Y
IDCJAC0008,086071,1906,11,4.7,05,Y
IDCJAC0008,086071,1906,12,6.8,26,Y
IDCJAC0008,086071,1907,01,9.9,10,Y
IDCJAC0008,086071,1907,02,7.3,10,Y
IDCJAC0008,086071,1907,03,6.1,27,Y
IDCJAC0008,086071,1907,04,6.1,03,Y
IDCJAC0008,086071,1907,05,4.3,30,Y
IDCJAC0008,086071,1907,06,0.1,07,Y
IDCJAC0008,086071,1907,07,-0.5,19,Y
IDCJAC0008,086071,1907,08,3.6,28,Y
IDCJAC0008,086071,1907,09,-0.1,13,Y
IDCJAC0008,086071,1907,10,3.5,16,Y
IDCJAC0008,086071,1907,11,6.8,19,Y
IDCJAC0008,086071,1907,12,7.5,20,Y
IDCJAC0008,086071,1908,01,12.7,23,Y
IDCJAC0008,086071,1908,02,9.4,16,Y
IDCJAC0008,086071,1908,03,6.3,19,Y
IDCJAC0008,086071,1908,04,4.3,30,Y
IDCJAC0008,086071,1908,05,2.9,24,Y
IDCJAC0008,086071,1908,06,-1.1,03,Y
IDCJAC0008,086071,1908,07,0.7,31,Y
IDCJAC0008,086071,1908,08,-0.5,20,Y
IDCJAC0008,086071,1908,09,-0.5,16,Y
IDCJAC0008,086071,1908,10,2.7,03,Y
IDCJAC0008,086071,1908,11,6.1,09,Y
IDCJAC0008,086071,1908,12,7.7,20,Y
IDCJAC0008,086071,1909,01,8.1,23,Y
IDCJAC0008,086071,1909,02,8.9,05,Y
IDCJAC0008,086071,1909,03,4.7,27,Y
IDCJAC0008,086071,1909,04,4.3,24,Y
IDCJAC0008,086071,1909,05,4.4,20,Y
IDCJAC0008,086071,1909,06,0.3,30,Y
IDCJAC0008,086071,1909,07,0.7,13,Y
IDCJAC0008,086071,1909,08,0.3,25,Y
IDCJAC0008,086071,1909,09,3.3,14,Y
IDCJAC0008,086071,1909,10,4.1,08,Y
IDCJAC0008,086071,1909,11,4.1,02,Y
IDCJAC0008,086071,1909,12,6.4,04,Y
IDCJAC0008,086071,1910,01,9.7,01,Y
IDCJAC0008,086071,1910,02,8.2,13,Y
IDCJAC0008,086071,1910,03,6.9,11,Y
IDCJAC0008,086071,1910,04,6.2,17,Y
IDCJAC0008,086071,1910,05,3.4,06,Y
IDCJAC0008,086071,1910,06,0.1,16,Y
IDCJAC0008,086071,1910,07,-0.1,18,Y
IDCJAC0008,086071,1910,08,1.8,28,Y
IDCJAC0008,086071,1910,09,2.5,14,Y
IDCJAC0008,086071,1910,10,2.9,10,Y
IDCJAC0008,086071,1910,11,4.1,01,Y
IDCJAC0008,086071,1910,12,6.2,21,Y
IDCJAC0008,086071,1911,01,10.5,10,Y
IDCJAC0008,086071,1911,02,11.3,20,Y
IDCJAC0008,086071,1911,03,9.5,20,Y
IDCJAC0008,086071,1911,04,1.9,29,Y
IDCJAC0008,086071,1911,05,3.1,28,Y
IDCJAC0008,086071,1911,06,1.5,29,Y
IDCJAC0008,086071,1911,07,-1.3,26,Y
IDCJAC0008,086071,1911,08,3.4,27,Y
IDCJAC0008,086071,1911,09,0.9,18,Y
IDCJAC0008,086071,1911,10,2.1,19,Y
IDCJAC0008,086071,1911,11,2.7,04,Y
IDCJAC0008,086071,1911,12,6.0,06,Y
IDCJAC0008,086071,1912,01,8.5,03,Y
IDCJAC0008,086071,1912,02,10.9,29,Y
IDCJAC0008,086071,1912,03,7.2,07,Y
IDCJAC0008,086071,1912,04,4.0,14,Y
IDCJAC0008,086071,1912,05,1.4,20,Y
IDCJAC0008,086071,1912,06,0.1,22,Y
IDCJAC0008,086071,1912,07,-0.7,16,Y
IDCJAC0008,086071,1912,08,1.6,31,Y
IDCJAC0008,086071,1912,09,2.2,01,Y
IDCJAC0008,086071,1912,10,2.5,16,Y
IDCJAC0008,086071,1912,11,4.1,09,Y
IDCJAC0008,086071,1912,12,6.7,11,Y
IDCJAC0008,086071,1913,01,8.1,27,Y
IDCJAC0008,086071,1913,02,8.4,21,Y
IDCJAC0008,086071,1913,03,6.9,17,Y
IDCJAC0008,086071,1913,04,7.3,29,Y
IDCJAC0008,086071,1913,05,-0.1,29,Y
IDCJAC0008,086071,1913,06,-0.2,09,Y
IDCJAC0008,086071,1913,07,0.4,25,Y
IDCJAC0008,086071,1913,08,-0.7,14,Y
IDCJAC0008,086071,1913,09,2.5,05,Y
IDCJAC0008,086071,1913,10,3.9,09,Y
IDCJAC0008,086071,1913,11,5.0,04,Y
IDCJAC0008,086071,1913,12,8.5,01,Y
IDCJAC0008,086071,1914,01,8.4,28,Y
IDCJAC0008,086071,1914,02,9.4,13,Y
IDCJAC0008,086071,1914,03,8.1,18,Y
IDCJAC0008,086071,1914,04,5.3,15,Y
IDCJAC0008,086071,1914,05,4.7,16,Y
IDCJAC0008,086071,1914,06,2.6,09,Y
IDCJAC0008,086071,1914,07,-0.3,21,Y
IDCJAC0008,086071,1914,08,0.5,30,Y
IDCJAC0008,086071,1914,09,1.6,14,Y
IDCJAC0008,086071,1914,10,0.4,16,Y
IDCJAC0008,086071,1914,11,7.1,22,Y
IDCJAC0008,086071,1914,12,11.2,20,Y
IDCJAC0008,086071,1915,01,9.2,22,Y
IDCJAC0008,086071,1915,02,8.6,24,Y
IDCJAC0008,086071,1915,03,6.7,10,Y
IDCJAC0008,086071,1915,04,4.4,25,Y
IDCJAC0008,086071,1915,05,2.1,12,Y
IDCJAC0008,086071,1915,06,3.6,26,Y
IDCJAC0008,086071,1915,07,0.3,15,Y
IDCJAC0008,086071,1915,08,2.2,19,Y
IDCJAC0008,086071,1915,09,4.3,10,Y
IDCJAC0008,086071,1915,10,1.1,06,Y
IDCJAC0008,086071,1915,11,4.8,23,Y
IDCJAC0008,086071,1915,12,7.9,08,Y
IDCJAC0008,086071,1916,01,10.0,26,Y
IDCJAC0008,086071,1916,02,11.6,09,Y
IDCJAC0008,086071,1916,03,8.3,29,Y
IDCJAC0008,086071,1916,04,4.6,30,Y
IDCJAC0008,086071,1916,05,-1.1,29,Y
IDCJAC0008,086071,1916,06,0.3,16,Y
IDCJAC0008,086071,1916,07,2.1,13,Y
IDCJAC0008,086071,1916,08,0.5,01,Y
IDCJAC0008,086071,1916,09,3.3,18,Y
IDCJAC0008,086071,1916,10,3.7,01,Y
IDCJAC0008,086071,1916,11,4.5,14,Y
IDCJAC0008,086071,1916,12,9.3,06,Y
IDCJAC0008,086071,1917,01,9.9,13,Y
IDCJAC0008,086071,1917,02,9.9,05,Y
IDCJAC0008,086071,1917,03,4.1,24,Y
IDCJAC0008,086071,1917,04,5.7,11,Y
IDCJAC0008,086071,1917,05,1.1,26,Y
IDCJAC0008,086071,1917,06,-0.3,22,Y
IDCJAC0008,086071,1917,07,1.9,31,Y
IDCJAC0008,086071,1917,08,0.5,05,Y
IDCJAC0008,086071,1917,09,2.7,19,Y
IDCJAC0008,086071,1917,10,1.7,08,Y
IDCJAC0008,086071,1917,11,6.3,06,Y
IDCJAC0008,086071,1917,12,9.3,14,Y
IDCJAC0008,086071,1918,01,11.5,02,Y
IDCJAC0008,086071,1918,02,9.7,27,Y
IDCJAC0008,086071,1918,03,4.4,18,Y
IDCJAC0008,086071,1918,04,4.7,21,Y
IDCJAC0008,086071,1918,05,2.8,27,Y
IDCJAC0008,086071,1918,06,4.5,30,Y
IDCJAC0008,086071,1918,07,-0.5,21,Y
IDCJAC0008,086071,1918,08,1.1,01,Y
IDCJAC0008,086071,1918,09,1.2,07,Y
IDCJAC0008,086071,1918,10,0.1,03,Y
IDCJAC0008,086071,1918,11,4.3,18,Y
IDCJAC0008,086071,1918,12,7.8,21,Y
IDCJAC0008,086071,1919,01,6.7,27,Y
IDCJAC0008,086071,1919,02,10.7,01,Y
IDCJAC0008,086071,1919,03,5.5,25,Y
IDCJAC0008,086071,1919,04,4.9,28,Y
IDCJAC0008,086071,1919,05,2.7,27,Y
IDCJAC0008,086071,1919,06,1.7,04,Y
IDCJAC0008,086071,1919,07,-0.5,17,Y
IDCJAC0008,086071,1919,08,-1.1,04,Y
IDCJAC0008,086071,1919,09,2.2,21,Y
IDCJAC0008,086071,1919,10,2.7,04,Y
IDCJAC0008,086071,1919,11,7.2,15,Y
IDCJAC0008,086071,1919,12,8.9,18,Y
IDCJAC0008,086071,1920,01,8.3,27,Y
IDCJAC0008,086071,1920,02,7.7,25,Y
IDCJAC0008,086071,1920,03,7.7,10,Y
IDCJAC0008,086071,1920,04,4.3,21,Y
IDCJAC0008,086071,1920,05,2.1,28,Y
IDCJAC0008,086071,1920,06,2.2,14,Y
IDCJAC0008,086071,1920,07,1.1,17,Y
IDCJAC0008,086071,1920,08,1.6,15,Y
IDCJAC0008,086071,1920,09,2.1,23,Y
IDCJAC0008,086071,1920,10,3.5,02,Y
IDCJAC0008,086071,1920,11,4.9,03,Y
IDCJAC0008,086071,1920,12,7.3,07,Y
IDCJAC0008,086071,1921,01,9.4,04,Y
IDCJAC0008,086071,1921,02,11.7,08,Y
IDCJAC0008,086071,1921,03,6.3,27,Y
IDCJAC0008,086071,1921,04,5.1,27,Y
IDCJAC0008,086071,1921,05,3.7,29,Y
IDCJAC0008,086071,1921,06,0.5,27,Y
IDCJAC0008,086071,1921,07,0.7,23,Y
IDCJAC0008,086071,1921,08,2.1,03,Y
IDCJAC0008,086071,1921,09,3.3,04,Y
IDCJAC0008,086071,1921,10,3.9,07,Y
IDCJAC0008,086071,1921,11,8.3,22,Y
IDCJAC0008,086071,1921,12,7.7,07,Y
IDCJAC0008,086071,1922,01,8.7,17,Y
IDCJAC0008,086071,1922,02,8.7,15,Y
IDCJAC0008,086071,1922,03,7.6,23,Y
IDCJAC0008,086071,1922,04,5.1,02,Y
IDCJAC0008,086071,1922,05,1.7,29,Y
IDCJAC0008,086071,1922,06,0.1,24,Y
IDCJAC0008,086071,1922,07,1.3,04,Y
IDCJAC0008,086071,1922,08,0.4,21,Y
IDCJAC0008,086071,1922,09,1.7,10,Y
IDCJAC0008,086071,1922,10,5.3,07,Y
IDCJAC0008,086071,1922,11,3.7,04,Y
IDCJAC0008,086071,1922,12,9.3,23,Y
IDCJAC0008,086071,1923,01,9.5,30,Y
IDCJAC0008,086071,1923,02,10.0,16,Y
IDCJAC0008,086071,1923,03,7.2,24,Y
IDCJAC0008,086071,1923,04,3.9,24,Y
IDCJAC0008,086071,1923,05,2.7,27,Y
IDCJAC0008,086071,1923,06,2.8,29,Y
IDCJAC0008,086071,1923,07,2.7,11,Y
IDCJAC0008,086071,1923,08,1.2,18,Y
IDCJAC0008,086071,1923,09,2.5,09,Y
IDCJAC0008,086071,1923,10,5.0,11,Y
IDCJAC0008,086071,1923,11,5.5,10,Y
IDCJAC0008,086071,1923,12,8.9,07,Y
IDCJAC0008,086071,1924,01,7.6,12,Y
IDCJAC0008,086071,1924,02,4.5,24,Y
IDCJAC0008,086071,1924,03,7.3,19,Y
IDCJAC0008,086071,1924,04,6.3,10,Y
IDCJAC0008,086071,1924,05,2.2,28,Y
IDCJAC0008,086071,1924,06,1.1,28,Y
IDCJAC0008,086071,1924,07,0.5,19,Y
IDCJAC0008,086071,1924,08,1.6,08,Y
IDCJAC0008,086071,1924,09,4.3,03,Y
IDCJAC0008,086071,1924,10,5.0,23,Y
IDCJAC0008,086071,1924,11,7.2,03,Y
IDCJAC0008,086071,1924,12,5.9,02,Y
IDCJAC0008,086071,1925,01,8.4,29,Y
IDCJAC0008,086071,1925,02,8.9,26,Y
IDCJAC0008,086071,1925,03,6.1,27,Y
IDCJAC0008,086071,1925,04,6.4,17,Y
IDCJAC0008,086071,1925,05,2.7,04,Y
IDCJAC0008,086071,1925,06,1.9,29,Y
IDCJAC0008,086071,1925,07,-0.5,10,Y
IDCJAC0008,086071,1925,08,-1.5,09,Y
IDCJAC0008,086071,1925,09,2.7,01,Y
IDCJAC0008,086071,1925,10,3.9,04,Y
IDCJAC0008,086071,1925,11,5.7,03,Y
IDCJAC0008,086071,1925,12,8.3,04,Y
IDCJAC0008,086071,1926,01,10.4,12,Y
IDCJAC0008,086071,1926,02,7.7,23,Y
IDCJAC0008,086071,1926,03,7.7,31,Y
IDCJAC0008,086071,1926,04,5.0,20,Y
IDCJAC0008,086071,1926,05,2.6,16,Y
IDCJAC0008,086071,1926,06,1.1,16,Y
IDCJAC0008,086071,1926,07,2.1,02,Y
IDCJAC0008,086071,1926,08,0.0,22,Y
IDCJAC0008,086071,1926,09,2.7,08,Y
IDCJAC0008,086071,1926,10,3.9,31,Y
IDCJAC0008,086071,1926,11,5.9,05,Y
IDCJAC0008,086071,1926,12,8.0,07,Y
IDCJAC0008,086071,1927,01,8.9,19,Y
IDCJAC0008,086071,1927,02,9.6,08,Y
IDCJAC0008,086071,1927,03,5.1,29,Y
IDCJAC0008,086071,1927,04,6.4,28,Y
IDCJAC0008,086071,1927,05,0.5,31,Y
IDCJAC0008,086071,1927,06,-1.1,28,Y
IDCJAC0008,086071,1927,07,1.1,26,Y
IDCJAC0008,086071,1927,08,2.7,24,Y
IDCJAC0008,086071,1927,09,1.9,12,Y
IDCJAC0008,086071,1927,10,3.2,05,Y
IDCJAC0008,086071,1927,11,7.6,14,Y
IDCJAC0008,086071,1927,12,9.6,06,Y
IDCJAC0008,086071,1928,01,9.3,23,Y
IDCJAC0008,086071,1928,02,10.1,05,Y
IDCJAC0008,086071,1928,03,8.9,12,Y
IDCJAC0008,086071,1928,04,5.0,14,Y
IDCJAC0008,086071,1928,05,1.7,20,Y
IDCJAC0008,086071,1928,06,-0.1,21,Y
IDCJAC0008,086071,1928,07,0.0,26,Y
IDCJAC0008,086071,1928,08,0.5,03,Y
IDCJAC0008,086071,1928,09,4.4,22,Y
IDCJAC0008,086071,1928,10,3.1,14,Y
IDCJAC0008,086071,1928,11,6.8,11,Y
IDCJAC0008,086071,1928,12,8.1,01,Y
IDCJAC0008,086071,1929,01,8.7,31,Y
IDCJAC0008,086071,1929,02,10.7,01,Y
IDCJAC0008,086071,1929,03,7.7,09,Y
IDCJAC0008,086071,1929,04,4.5,14,Y
IDCJAC0008,086071,1929,05,2.2,10,Y
IDCJAC0008,086071,1929,06,-0.7,29,Y
IDCJAC0008,086071,1929,07,-1.5,31,Y
IDCJAC0008,086071,1929,08,-1.2,01,Y
IDCJAC0008,086071,1929,09,1.5,11,Y
IDCJAC0008,086071,1929,10,5.6,08,Y
IDCJAC0008,086071,1929,11,7.0,01,Y
IDCJAC0008,086071,1929,12,6.7,01,Y
IDCJAC0008,086071,1930,01,8.3,17,Y
IDCJAC0008,086071,1930,02,10.3,23,Y
IDCJAC0008,086071,1930,03,5.4,21,Y
IDCJAC0008,086071,1930,04,4.5,27,Y
IDCJAC0008,086071,1930,05,1.7,24,Y
IDCJAC0008,086071,1930,06,1.1,23,Y
IDCJAC0008,086071,1930,07,2.2,21,Y
IDCJAC0008,086071,1930,08,1.0,23,Y
IDCJAC0008,086071,1930,09,2.9,30,Y
IDCJAC0008,086071,1930,10,6.3,10,Y
IDCJAC0008,086071,1930,11,6.7,14,Y
IDCJAC0008,086071,1930,12,9.9,28,Y
IDCJAC0008,086071,1931,01,9.5,19,Y
IDCJAC0008,086071,1931,02,8.3,21,Y
IDCJAC0008,086071,1931,03,6.8,11,Y
IDCJAC0008,086071,1931,04,4.9,12,Y
IDCJAC0008,086071,1931,05,2.9,24,Y
IDCJAC0008,086071,1931,06,0.3,17,Y
IDCJAC0008,086071,1931,07,1.4,05,Y
IDCJAC0008,086071,1931,08,2.4,12,Y
IDCJAC0008,086071,1931,09,1.2,09,Y
IDCJAC0008,086071,1931,10,4.1,24,Y
IDCJAC0008,086071,1931,11,5.8,20,Y
IDCJAC0008,086071,1931,12,9.2,14,Y
IDCJAC0008,086071,1932,01,10.7,15,Y
IDCJAC0008,086071,1932,02,6.3,23,Y
IDCJAC0008,086071,1932,03,8.9,29,Y
IDCJAC0008,086071,1932,04,6.3,30,Y
IDCJAC0008,086071,1932,05,4.1,25,Y
IDCJAC0008,086071,1932,06,1.6,30,Y
IDCJAC0008,086071,1932,07,0.3,15,Y
IDCJAC0008,086071,1932,08,0.3,28,Y
IDCJAC0008,086071,1932,09,3.7,09,Y
IDCJAC0008,086071,1932,10,3.3,01,Y
IDCJAC0008,086071,1932,11,5.9,18,Y
IDCJAC0008,086071,1932,12,7.9,30,Y
IDCJAC0008,086071,1933,01,8.2,18,Y
IDCJAC0008,086071,1933,02,8.9,22,Y
IDCJAC0008,086071,1933,03,5.8,22,Y
IDCJAC0008,086071,1933,04,2.7,25,Y
IDCJAC0008,086071,1933,05,3.5,24,Y
IDCJAC0008,086071,1933,06,1.6,04,Y
IDCJAC0008,086071,1933,07,0.1,01,Y
IDCJAC0008,086071,1933,08,0.7,05,Y
IDCJAC0008,086071,1933,09,1.1,23,Y
IDCJAC0008,086071,1933,10,4.1,17,Y
IDCJAC0008,086071,1933,11,6.0,16,Y
IDCJAC0008,086071,1933,12,8.5,18,Y
IDCJAC0008,086071,1934,01,9.4,10,Y
IDCJAC0008,086071,1934,02,10.0,27,Y
IDCJAC0008,086071,1934,03,7.2,27,Y
IDCJAC0008,086071,1934,04,4.1,29,Y
IDCJAC0008,086071,1934,05,2.7,30,Y
IDCJAC0008,086071,1934,06,0.5,05,Y
IDCJAC0008,086071,1934,07,1.0,01,Y
IDCJAC0008,086071,1934,08,1.2,21,Y
IDCJAC0008,086071,1934,09,0.1,02,Y
IDCJAC0008,086071,1934,10,2.5,05,Y
IDCJAC0008,086071,1934,11,7.2,10,Y
IDCJAC0008,086071,1934,12,9.4,01,Y
IDCJAC0008,086071,1935,01,10.3,27,Y
IDCJAC0008,086071,1935,02,9.9,22,Y
IDCJAC0008,086071,1935,03,6.1,28,Y
IDCJAC0008,086071,1935,04,6.8,11,Y
IDCJAC0008,086071,1935,05,2.3,13,Y
IDCJAC0008,086071,1935,06,2.3,03,Y
IDCJAC0008,086071,1935,07,0.3,29,Y
IDCJAC0008,086071,1935,08,3.7,20,Y
IDCJAC0008,086071,1935,09,2.2,08,Y
IDCJAC0008,086071,1935,10,3.5,03,Y
IDCJAC0008,086071,1935,11,6.7,07,Y
IDCJAC0008,086071,1935,12,8.1,16,Y
IDCJAC0008,086071,1936,01,10.0,31,Y
IDCJAC0008,086071,1936,02,7.9,17,Y
IDCJAC0008,086071,1936,03,8.3,28,Y
IDCJAC0008,086071,1936,04,3.9,05,Y
IDCJAC0008,086071,1936,05,2.3,25,Y
IDCJAC0008,086071,1936,06,0.9,23,Y
IDCJAC0008,086071,1936,07,2.5,22,Y
IDCJAC0008,086071,1936,08,0.4,30,Y
IDCJAC0008,086071,1936,09,0.5,25,Y
IDCJAC0008,086071,1936,10,4.0,22,Y
IDCJAC0008,086071,1936,11,5.4,11,Y
IDCJAC0008,086071,1936,12,8.3,08,Y
IDCJAC0008,086071,1937,01,9.7,05,Y
IDCJAC0008,086071,1937,02,9.5,11,Y
IDCJAC0008,086071,1937,03,9.1,25,Y
IDCJAC0008,086071,1937,04,3.1,24,Y
IDCJAC0008,086071,1937,05,1.7,13,Y
IDCJAC0008,086071,1937,06,-0.3,29,Y
IDCJAC0008,086071,1937,07,0.1,02,Y
IDCJAC0008,086071,1937,08,1.1,08,Y
IDCJAC0008,086071,1937,09,4.8,23,Y
IDCJAC0008,086071,1937,10,6.7,12,Y
IDCJAC0008,086071,1937,11,6.7,16,Y
IDCJAC0008,086071,1937,12,8.0,16,Y
IDCJAC0008,086071,1938,01,7.5,09,Y
IDCJAC0008,086071,1938,02,9.3,15,Y
IDCJAC0008,086071,1938,03,8.9,13,Y
IDCJAC0008,086071,1938,04,5.5,21,Y
IDCJAC0008,086071,1938,05,3.7,10,Y
IDCJAC0008,086071,1938,06,0.7,12,Y
IDCJAC0008,086071,1938,07,0.9,10,Y
IDCJAC0008,086071,1938,08,-1.3,04,Y
IDCJAC0008,086071,1938,09,1.6,24,Y
IDCJAC0008,086071,1938,10,5.0,03,Y
IDCJAC0008,086071,1938,11,7.3,07,Y
IDCJAC0008,086071,1938,12,7.5,16,Y
IDCJAC0008,086071,1939,01,9.6,28,Y
IDCJAC0008,086071,1939,02,10.0,03,Y
IDCJAC0008,086071,1939,03,8.8,24,Y
IDCJAC0008,086071,1939,04,5.4,21,Y
IDCJAC0008,086071,1939,05,3.5,27,Y
IDCJAC0008,086071,1939,06,3.1,17,Y
IDCJAC0008,086071,1939,07,-1.1,08,Y
IDCJAC0008,086071,1939,08,0.5,10,Y
IDCJAC0008,086071,1939,09,1.5,22,Y
IDCJAC0008,086071,1939,10,3.9,13,Y
IDCJAC0008,086071,1939,11,4.9,06,Y
IDCJAC0008,086071,1939,12,7.1,02,Y
IDCJAC0008,086071,1940,01,7.7,22,Y
IDCJAC0008,086071,1940,02,6.3,28,Y
IDCJAC0008,086071,1940,03,5.8,01,Y
IDCJAC0008,086071,1940,04,4.1,19,Y
IDCJAC0008,086071,1940,05,1.1,20,Y
IDCJAC0008,086071,1940,06,0.6,26,Y
IDCJAC0008,086071,1940,07,3.3,10,Y
IDCJAC0008,086071,1940,08,0.2,04,Y
IDCJAC0008,086071,1940,09,-0.5,03,Y
IDCJAC0008,086071,1940,10,4.1,29,Y
IDCJAC0008,086071,1940,11,5.8,07,Y
IDCJAC0008,086071,1940,12,8.8,29,Y
IDCJAC0008,086071,1941,01,9.3,05,Y
IDCJAC0008,086071,1941,02,7.3,13,Y
IDCJAC0008,086071,1941,03,7.7,22,Y
IDCJAC0008,086071,1941,04,4.3,08,Y
IDCJAC0008,086071,1941,05,2.7,25,Y
IDCJAC0008,086071,1941,06,2.7,24,Y
IDCJAC0008,086071,1941,07,0.7,26,Y
IDCJAC0008,086071,1941,08,2.0,16,Y
IDCJAC0008,086071,1941,09,1.9,04,Y
IDCJAC0008,086071,1941,10,5.0,16,Y
IDCJAC0008,086071,1941,11,6.7,08,Y
IDCJAC0008,086071,1941,12,7.2,04,Y
IDCJAC0008,086071,1942,01,9.0,18,Y
IDCJAC0008,086071,1942,02,9.4,15,Y
IDCJAC0008,086071,1942,03,7.7,20,Y
IDCJAC0008,086071,1942,04,3.1,19,Y
IDCJAC0008,086071,1942,05,4.3,10,Y
IDCJAC0008,086071,1942,06,0.1,25,Y
IDCJAC0008,086071,1942,07,-1.1,30,Y
IDCJAC0008,086071,1942,08,1.9,01,Y
IDCJAC0008,086071,1942,09,5.0,25,Y
IDCJAC0008,086071,1942,10,3.2,07,Y
IDCJAC0008,086071,1942,11,6.8,17,Y
IDCJAC0008,086071,1942,12,6.7,03,Y
IDCJAC0008,086071,1943,01,8.7,17,Y
IDCJAC0008,086071,1943,02,8.1,22,Y
IDCJAC0008,086071,1943,03,7.5,30,Y
IDCJAC0008,086071,1943,04,4.1,26,Y
IDCJAC0008,086071,1943,05,1.3,24,Y
IDCJAC0008,086071,1943,06,0.7,27,Y
IDCJAC0008,086071,1943,07,2.1,06,Y
IDCJAC0008,086071,1943,08,-0.1,13,Y
IDCJAC0008,086071,1943,09,2.7,15,Y
IDCJAC0008,086071,1943,10,3.8,16,Y
IDCJAC0008,086071,1943,11,6.1,12,Y
IDCJAC0008,086071,1943,12,8.4,01,Y
IDCJAC0008,086071,1944,01,10.7,12,Y
IDCJAC0008,086071,1944,02,7.8,23,Y
IDCJAC0008,086071,1944,03,5.3,26,Y
IDCJAC0008,086071,1944,04,4.9,15,Y
IDCJAC0008,086071,1944,05,4.1,03,Y
IDCJAC0008,086071,1944,06,-0.6,27,Y
IDCJAC0008,086071,1944,07,-0.1,16,Y
IDCJAC0008,086071,1944,08,-1.1,07,Y
IDCJAC0008,086071,1944,09,2.1,04,Y
IDCJAC0008,086071,1944,10,2.7,30,Y
IDCJAC0008,086071,1944,11,7.5,23,Y
IDCJAC0008,086071,1944,12,8.9,24,Y
IDCJAC0008,086071,1945,01,7.9,04,Y
IDCJAC0008,086071,1945,02,7.7,13,Y
IDCJAC0008,086071,1945,03,6.3,25,Y
IDCJAC0008,086071,1945,04,4.1,30,Y
IDCJAC0008,086071,1945,05,1.9,30,Y
IDCJAC0008,086071,1945,06,0.5,09,Y
IDCJAC0008,086071,1945,07,-0.8,23,Y
IDCJAC0008,086071,1945,08,2.8,31,Y
IDCJAC0008,086071,1945,09,0.1,23,Y
IDCJAC0008,086071,1945,10,4.1,14,Y
IDCJAC0008,086071,1945,11,7.7,04,Y
IDCJAC0008,086071,1945,12,7.5,05,Y
IDCJAC0008,086071,1946,01,9.3,07,Y
IDCJAC0008,086071,1946,02,9.1,09,Y
IDCJAC0008,086071,1946,03,6.7,11,Y
IDCJAC0008,086071,1946,04,4.7,16,Y
IDCJAC0008,086071,1946,05,0.1,15,Y
IDCJAC0008,086071,1946,06,0.7,28,Y
IDCJAC0008,086071,1946,07,2.7,10,Y
IDCJAC0008,086071,1946,08,2.1,07,Y
IDCJAC0008,086071,1946,09,2.3,03,Y
IDCJAC0008,086071,1946,10,4.4,24,Y
IDCJAC0008,086071,1946,11,6.7,17,Y
IDCJAC0008,086071,1946,12,6.7,19,Y
IDCJAC0008,086071,1947,01,7.7,18,Y
IDCJAC0008,086071,1947,02,7.9,20,Y
IDCJAC0008,086071,1947,03,8.6,22,Y
IDCJAC0008,086071,1947,04,4.7,27,Y
IDCJAC0008,086071,1947,05,1.8,31,Y
IDCJAC0008,086071,1947,06,2.1,26,Y
IDCJAC0008,086071,1947,07,2.8,30,Y
IDCJAC0008,086071,1947,08,0.1,22,Y
IDCJAC0008,086071,1947,09,1.6,01,Y
IDCJAC0008,086071,1947,10,5.3,23,Y
IDCJAC0008,086071,1947,11,5.8,07,Y
IDCJAC0008,086071,1947,12,9.8,30,Y
IDCJAC0008,086071,1948,01,9.3,09,Y
IDCJAC0008,086071,1948,02,11.6,24,Y
IDCJAC0008,086071,1948,03,5.5,30,Y
IDCJAC0008,086071,1948,04,4.4,07,Y
IDCJAC0008,086071,1948,05,5.1,29,Y
IDCJAC0008,086071,1948,06,-0.1,04,Y
IDCJAC0008,086071,1948,07,-1.1,19,Y
IDCJAC0008,086071,1948,08,1.5,10,Y
IDCJAC0008,086071,1948,09,2.7,24,Y
IDCJAC0008,086071,1948,10,3.9,22,Y
IDCJAC0008,086071,1948,11,4.7,12,Y
IDCJAC0008,086071,1948,12,6.8,14,Y
IDCJAC0008,086071,1949,01,9.3,23,Y
IDCJAC0008,086071,1949,02,5.5,24,Y
IDCJAC0008,086071,1949,03,7.7,23,Y
IDCJAC0008,086071,1949,04,3.3,26,Y
IDCJAC0008,086071,1949,05,0.1,30,Y
IDCJAC0008,086071,1949,06,0.0,24,Y
IDCJAC0008,086071,1949,07,1.7,25,Y
IDCJAC0008,086071,1949,08,0.9,28,Y
IDCJAC0008,086071,1949,09,0.8,17,Y
IDCJAC0008,086071,1949,10,2.7,08,Y
IDCJAC0008,086071,1949,11,7.7,30,Y
IDCJAC0008,086071,1949,12,7.9,21,Y
IDCJAC0008,086071,1950,01,7.8,11,Y
IDCJAC0008,086071,1950,02,10.7,21,Y
IDCJAC0008,086071,1950,03,7.3,07,Y
IDCJAC0008,086071,1950,04,5.0,24,Y
IDCJAC0008,086071,1950,05,3.3,28,Y
IDCJAC0008,086071,1950,06,0.7,15,Y
IDCJAC0008,086071,1950,07,1.3,27,Y
IDCJAC0008,086071,1950,08,1.3,24,Y
IDCJAC0008,086071,1950,09,2.3,04,Y
IDCJAC0008,086071,1950,10,4.8,03,Y
IDCJAC0008,086071,1950,11,3.7,02,Y
IDCJAC0008,086071,1950,12,8.4,16,Y
IDCJAC0008,086071,1951,01,10.1,01,Y
IDCJAC0008,086071,1951,02,10.5,07,Y
IDCJAC0008,086071,1951,03,7.3,29,Y
IDCJAC0008,086071,1951,04,5.5,17,Y
IDCJAC0008,086071,1951,05,4.5,19,Y
IDCJAC0008,086071,1951,06,3.5,09,Y
IDCJAC0008,086071,1951,07,1.1,01,Y
IDCJAC0008,086071,1951,08,1.9,09,Y
IDCJAC0008,086071,1951,09,3.3,06,Y
IDCJAC0008,086071,1951,10,6.2,19,Y
IDCJAC0008,086071,1951,11,5.1,01,Y
IDCJAC0008,086071,1951,12,7.7,10,Y
IDCJAC0008,086071,1952,01,9.1,12,Y
IDCJAC0008,086071,1952,02,9.1,01,Y
IDCJAC0008,086071,1952,03,7.9,03,Y
IDCJAC0008,086071,1952,04,4.3,21,Y
IDCJAC0008,086071,1952,05,3.3,12,Y
IDCJAC0008,086071,1952,06,4.3,11,Y
IDCJAC0008,086071,1952,07,0.3,23,Y
IDCJAC0008,086071,1952,08,0.5,15,Y
IDCJAC0008,086071,1952,09,3.9,09,Y
IDCJAC0008,086071,1952,10,3.9,04,Y
IDCJAC0008,086071,1952,11,6.9,13,Y
IDCJAC0008,086071,1952,12,8.3,10,Y
IDCJAC0008,086071,1953,01,8.9,12,Y
IDCJAC0008,086071,1953,02,11.4,07,Y
IDCJAC0008,086071,1953,03,5.1,27,Y
IDCJAC0008,086071,1953,04,2.8,30,Y
IDCJAC0008,086071,1953,05,3.9,02,Y
IDCJAC0008,086071,1953,06,2.4,29,Y
IDCJAC0008,086071,1953,07,0.9,12,Y
IDCJAC0008,086071,1953,08,2.4,12,Y
IDCJAC0008,086071,1953,09,1.1,10,Y
IDCJAC0008,086071,1953,10,2.4,13,Y
IDCJAC0008,086071,1953,11,6.9,25,Y
IDCJAC0008,086071,1953,12,7.7,08,Y
IDCJAC0008,086071,1954,01,9.4,03,Y
IDCJAC0008,086071,1954,02,7.7,02,Y
IDCJAC0008,086071,1954,03,6.8,14,Y
IDCJAC0008,086071,1954,04,6.5,27,Y
IDCJAC0008,086071,1954,05,3.8,25,Y
IDCJAC0008,086071,1954,06,2.4,27,Y
IDCJAC0008,086071,1954,07,1.1,13,Y
IDCJAC0008,086071,1954,08,0.7,05,Y
IDCJAC0008,086071,1954,09,1.1,10,Y
IDCJAC0008,086071,1954,10,4.2,14,Y
IDCJAC0008,086071,1954,11,6.7,17,Y
IDCJAC0008,086071,1954,12,8.8,09,Y
IDCJAC0008,086071,1955,01,10.4,21,Y
IDCJAC0008,086071,1955,02,10.0,20,Y
IDCJAC0008,086071,1955,03,8.3,18,Y
IDCJAC0008,086071,1955,04,4.1,20,Y
IDCJAC0008,086071,1955,05,3.6,22,Y
IDCJAC0008,086071,1955,06,0.6,09,Y
IDCJAC0008,086071,1955,07,1.2,03,Y
IDCJAC0008,086071,1955,08,2.5,31,Y
IDCJAC0008,086071,1955,09,1.8,18,Y
IDCJAC0008,086071,1955,10,4.2,27,Y
IDCJAC0008,086071,1955,11,5.1,09,Y
IDCJAC0008,086071,1955,12,6.7,03,Y
IDCJAC0008,086071,1956,01,8.1,05,Y
IDCJAC0008,086071,1956,02,10.2,27,Y
IDCJAC0008,086071,1956,03,10.4,19,Y
IDCJAC0008,086071,1956,04,6.7,21,Y
IDCJAC0008,086071,1956,05,3.4,30,Y
IDCJAC0008,086071,1956,06,0.6,08,Y
IDCJAC0008,086071,1956,07,-0.4,11,Y
IDCJAC0008,086071,1956,08,0.3,02,Y
IDCJAC0008,086071,1956,09,3.5,03,Y
IDCJAC0008,086071,1956,10,4.4,03,Y
IDCJAC0008,086071,1956,11,4.3,06,Y
IDCJAC0008,086071,1956,12,7.8,20,Y
IDCJAC0008,086071,1957,01,6.8,27,Y
IDCJAC0008,086071,1957,02,9.2,26,Y
IDCJAC0008,086071,1957,03,7.2,21,Y
IDCJAC0008,086071,1957,04,2.9,15,Y
IDCJAC0008,086071,1957,05,4.3,07,Y
IDCJAC0008,086071,1957,06,1.2,16,Y
IDCJAC0008,086071,1957,07,-0.7,03,Y
IDCJAC0008,086071,1957,08,1.1,17,Y
IDCJAC0008,086071,1957,09,0.3,02,Y
IDCJAC0008,086071,1957,10,3.9,01,Y
IDCJAC0008,086071,1957,11,6.1,27,Y
IDCJAC0008,086071,1957,12,8.9,11,Y
IDCJAC0008,086071,1958,01,10.0,23,Y
IDCJAC0008,086071,1958,02,8.8,13,Y
IDCJAC0008,086071,1958,03,8.3,29,Y
IDCJAC0008,086071,1958,04,5.1,28,Y
IDCJAC0008,086071,1958,05,3.4,09,Y
IDCJAC0008,086071,1958,06,0.7,10,Y
IDCJAC0008,086071,1958,07,0.2,02,Y
IDCJAC0008,086071,1958,08,3.3,05,Y
IDCJAC0008,086071,1958,09,2.3,15,Y
IDCJAC0008,086071,1958,10,4.7,09,Y
IDCJAC0008,086071,1958,11,7.5,02,Y
IDCJAC0008,086071,1958,12,8.1,19,Y
IDCJAC0008,086071,1959,01,9.8,07,Y
IDCJAC0008,086071,1959,02,10.9,16,Y
IDCJAC0008,086071,1959,03,6.9,12,Y
IDCJAC0008,086071,1959,04,4.9,29,Y
IDCJAC0008,086071,1959,05,1.9,31,Y
IDCJAC0008,086071,1959,06,1.1,02,Y
IDCJAC0008,086071,1959,07,-1.4,10,Y
IDCJAC0008,086071,1959,08,2.8,19,Y
IDCJAC0008,086071,1959,09,1.2,02,Y
IDCJAC0008,086071,1959,10,4.4,18,Y
IDCJAC0008,086071,1959,11,6.0,11,Y
IDCJAC0008,086071,1959,12,9.0,12,Y
IDCJAC0008,086071,1960,01,10.0,30,Y
IDCJAC0008,086071,1960,02,11.4,28,Y
IDCJAC0008,086071,1960,03,9.5,12,Y
IDCJAC0008,086071,1960,04,5.6,03,Y
IDCJAC0008,086071,1960,05,4.4,24,Y
IDCJAC0008,086071,1960,06,0.4,30,Y
IDCJAC0008,086071,1960,07,0.7,08,Y
IDCJAC0008,086071,1960,08,-0.4,07,Y
IDCJAC0008,086071,1960,09,2.8,10,Y
IDCJAC0008,086071,1960,10,5.3,05,Y
IDCJAC0008,086071,1960,11,4.7,07,Y
IDCJAC0008,086071,1960,12,7.8,01,Y
IDCJAC0008,086071,1961,01,11.1,16,Y
IDCJAC0008,086071,1961,02,9.6,03,Y
IDCJAC0008,086071,1961,03,8.5,07,Y
IDCJAC0008,086071,1961,04,5.1,18,Y
IDCJAC0008,086071,1961,05,3.1,12,Y
IDCJAC0008,086071,1961,06,3.9,19,Y
IDCJAC0008,086071,1961,07,0.8,21,Y
IDCJAC0008,086071,1961,08,1.9,06,Y
IDCJAC0008,086071,1961,09,4.6,08,Y
IDCJAC0008,086071,1961,10,5.8,17,Y
IDCJAC0008,086071,1961,11,6.0,12,Y
IDCJAC0008,086071,1961,12,8.4,19,Y
IDCJAC0008,086071,1962,01,10.7,06,Y
IDCJAC0008,086071,1962,02,10.4,24,Y
IDCJAC0008,086071,1962,03,8.7,30,Y
IDCJAC0008,086071,1962,04,6.1,30,Y
IDCJAC0008,086071,1962,05,3.5,20,Y
IDCJAC0008,086071,1962,06,3.2,27,Y
IDCJAC0008,086071,1962,07,-0.1,16,Y
IDCJAC0008,086071,1962,08,1.1,23,Y
IDCJAC0008,086071,1962,09,2.0,01,Y
IDCJAC0008,086071,1962,10,6.1,25,Y
IDCJAC0008,086071,1962,11,5.6,04,Y
IDCJAC0008,086071,1962,12,9.3,25,Y
IDCJAC0008,086071,1963,01,11.2,20,Y
IDCJAC0008,086071,1963,02,8.2,20,Y
IDCJAC0008,086071,1963,03,8.1,27,Y
IDCJAC0008,086071,1963,04,4.0,15,Y
IDCJAC0008,086071,1963,05,3.8,06,Y
IDCJAC0008,086071,1963,06,0.2,25,Y
IDCJAC0008,086071,1963,07,-1.5,04,Y
IDCJAC0008,086071,1963,08,-0.6,08,Y
IDCJAC0008,086071,1963,09,2.2,01,Y
IDCJAC0008,086071,1963,10,9.1,13,Y
IDCJAC0008,086071,1963,11,4.8,09,Y
IDCJAC0008,086071,1963,12,10.1,03,Y
IDCJAC0008,086071,1964,01,8.9,12,Y
IDCJAC0008,086071,1964,02,8.6,23,Y
IDCJAC0008,086071,1964,03,7.2,15,Y
IDCJAC0008,086071,1964,04,6.6,17,Y
IDCJAC0008,086071,1964,05,4.6,12,Y
IDCJAC0008,086071,1964,06,2.2,10,Y
IDCJAC0008,086071,1964,07,3.1,05,Y
IDCJAC0008,086071,1964,08,3.6,11,Y
IDCJAC0008,086071,1964,09,2.8,08,Y
IDCJAC0008,086071,1964,10,5.5,23,Y
IDCJAC0008,086071,1964,11,8.1,06,Y
IDCJAC0008,086071,1964,12,6.9,17,Y
IDCJAC0008,086071,1965,01,8.6,28,Y
IDCJAC0008,086071,1965,02,10.1,23,Y
IDCJAC0008,086071,1965,03,7.2,30,Y
IDCJAC0008,086071,1965,04,5.4,25,Y
IDCJAC0008,086071,1965,05,4.1,29,Y
IDCJAC0008,086071,1965,06,0.2,26,Y
IDCJAC0008,086071,1965,07,0.3,19,Y
IDCJAC0008,086071,1965,08,2.5,01,Y
IDCJAC0008,086071,1965,09,3.3,14,Y
IDCJAC0008,086071,1965,10,2.4,05,Y
IDCJAC0008,086071,1965,11,6.1,11,Y
IDCJAC0008,086071,1965,12,7.9,19,Y
IDCJAC0008,086071,1966,01,9.6,18,Y
IDCJAC0008,086071,1966,02,11.7,07,Y
IDCJAC0008,086071,1966,03,7.2,27,Y
IDCJAC0008,086071,1966,04,4.3,24,Y
IDCJAC0008,086071,1966,05,3.0,17,Y
IDCJAC0008,086071,1966,06,1.1,06,Y
IDCJAC0008,086071,1966,07,0.5,31,Y
IDCJAC0008,086071,1966,08,2.2,26,Y
IDCJAC0008,086071,1966,09,4.3,06,Y
IDCJAC0008,086071,1966,10,4.6,07,Y
IDCJAC0008,086071,1966,11,5.7,05,Y
IDCJAC0008,086071,1966,12,8.3,10,Y
IDCJAC0008,086071,1967,01,9.7,16,Y
IDCJAC0008,086071,1967,02,10.3,15,Y
IDCJAC0008,086071,1967,03,7.2,23,Y
IDCJAC0008,086071,1967,04,5.1,27,Y
IDCJAC0008,086071,1967,05,2.4,16,Y
IDCJAC0008,086071,1967,06,1.9,06,Y
IDCJAC0008,086071,1967,07,2.3,05,Y
IDCJAC0008,086071,1967,08,1.2,16,Y
IDCJAC0008,086071,1967,09,3.8,17,Y
IDCJAC0008,086071,1967,10,2.7,04,Y
IDCJAC0008,086071,1967,11,7.4,01,Y
IDCJAC0008,086071,1967,12,8.2,04,Y
IDCJAC0008,086071,1968,01,11.6,02,Y
IDCJAC0008,086071,1968,02,11.1,29,Y
IDCJAC0008,086071,1968,03,10.2,09,Y
IDCJAC0008,086071,1968,04,7.7,10,Y
IDCJAC0008,086071,1968,05,4.7,25,Y
IDCJAC0008,086071,1968,06,1.8,18,Y
IDCJAC0008,086071,1968,07,2.2,25,Y
IDCJAC0008,086071,1968,08,3.1,17,Y
IDCJAC0008,086071,1968,09,4.2,22,Y
IDCJAC0008,086071,1968,10,3.9,02,Y
IDCJAC0008,086071,1968,11,6.8,25,Y
IDCJAC0008,086071,1968,12,10.4,04,Y
IDCJAC0008,086071,1969,01,10.7,10,Y
IDCJAC0008,086071,1969,02,12.8,27,Y
IDCJAC0008,086071,1969,03,7.8,22,Y
IDCJAC0008,086071,1969,04,5.9,23,Y
IDCJAC0008,086071,1969,05,2.6,07,Y
IDCJAC0008,086071,1969,06,-0.8,16,Y
IDCJAC0008,086071,1969,07,3.3,16,Y
IDCJAC0008,086071,1969,08,3.2,19,Y
IDCJAC0008,086071,1969,09,2.9,12,Y
IDCJAC0008,086071,1969,10,5.3,07,Y
IDCJAC0008,086071,1969,11,6.0,22,Y
IDCJAC0008,086071,1969,12,7.4,02,Y
IDCJAC0008,086071,1970,01,9.4,02,Y
IDCJAC0008,086071,1970,02,10.2,21,Y
IDCJAC0008,086071,1970,03,8.3,30,Y
IDCJAC0008,086071,1970,04,7.8,28,Y
IDCJAC0008,086071,1970,05,3.9,27,Y
IDCJAC0008,086071,1970,06,3.8,09,Y
IDCJAC0008,086071,1970,07,3.8,20,Y
IDCJAC0008,086071,1970,08,0.6,15,Y
IDCJAC0008,086071,1970,09,1.6,26,Y
IDCJAC0008,086071,1970,10,5.0,18,Y
IDCJAC0008,086071,1970,11,5.7,03,Y
IDCJAC0008,086071,1970,12,9.1,06,Y
IDCJAC0008,086071,1971,01,11.3,02,Y
IDCJAC0008,086071,1971,02,12.1,11,Y
IDCJAC0008,086071,1971,03,8.4,24,Y
IDCJAC0008,086071,1971,04,8.8,20,Y
IDCJAC0008,086071,1971,05,5.0,16,Y
IDCJAC0008,086071,1971,06,4.2,25,Y
IDCJAC0008,086071,1971,07,-0.1,01,Y
IDCJAC0008,086071,1971,08,1.3,16,Y
IDCJAC0008,086071,1971,09,2.2,13,Y
IDCJAC0008,086071,1971,10,5.2,05,Y
IDCJAC0008,086071,1971,11,6.8,26,Y
IDCJAC0008,086071,1971,12,9.8,05,Y
IDCJAC0008,086071,1972,01,9.7,14,Y
IDCJAC0008,086071,1972,02,10.3,22,Y
IDCJAC0008,086071,1972,03,7.3,25,Y
IDCJAC0008,086071,1972,04,6.0,19,Y
IDCJAC0008,086071,1972,05,3.9,25,Y
IDCJAC0008,086071,1972,06,0.0,24,Y
IDCJAC0008,086071,1972,07,3.3,28,Y
IDCJAC0008,086071,1972,08,1.2,18,Y
IDCJAC0008,086071,1972,09,5.3,21,Y
IDCJAC0008,086071,1972,10,3.9,11,Y
IDCJAC0008,086071,1972,11,8.2,13,Y
IDCJAC0008,086071,1972,12,11.0,04,Y
IDCJAC0008,086071,1973,01,10.8,01,Y
IDCJAC0008,086071,1973,02,11.5,08,Y
IDCJAC0008,086071,1973,03,7.6,31,Y
IDCJAC0008,086071,1973,04,6.3,24,Y
IDCJAC0008,086071,1973,05,3.4,27,Y
IDCJAC0008,086071,1973,06,0.8,08,Y
IDCJAC0008,086071,1973,07,-0.5,06,Y
IDCJAC0008,086071,1973,08,2.4,11,Y
IDCJAC0008,086071,1973,09,3.8,21,Y
IDCJAC0008,086071,1973,10,5.4,13,Y
IDCJAC0008,086071,1973,11,9.5,04,Y
IDCJAC0008,086071,1973,12,10.2,05,Y
IDCJAC0008,086071,1974,01,9.8,08,Y
IDCJAC0008,086071,1974,02,11.4,21,Y
IDCJAC0008,086071,1974,03,10.1,16,Y
IDCJAC0008,086071,1974,04,7.5,05,Y
IDCJAC0008,086071,1974,05,4.0,20,Y
IDCJAC0008,086071,1974,06,1.6,16,Y
IDCJAC0008,086071,1974,07,1.8,12,Y
IDCJAC0008,086071,1974,08,0.6,06,Y
IDCJAC0008,086071,1974,09,2.0,27,Y
IDCJAC0008,086071,1974,10,6.1,11,Y
IDCJAC0008,086071,1974,11,5.8,07,Y
IDCJAC0008,086071,1974,12,7.5,25,Y
IDCJAC0008,086071,1975,01,9.2,12,Y
IDCJAC0008,086071,1975,02,12.5,17,Y
IDCJAC0008,086071,1975,03,7.9,26,Y
IDCJAC0008,086071,1975,04,5.8,26,Y
IDCJAC0008,086071,1975,05,5.4,28,Y
IDCJAC0008,086071,1975,06,0.9,17,Y
IDCJAC0008,086071,1975,07,1.0,03,Y
IDCJAC0008,086071,1975,08,3.0,08,Y
IDCJAC0008,086071,1975,09,4.3,01,Y
IDCJAC0008,086071,1975,10,5.4,18,Y
IDCJAC0008,086071,1975,11,6.3,08,Y
IDCJAC0008,086071,1975,12,11.1,19,Y
IDCJAC0008,086071,1976,01,11.8,10,Y
IDCJAC0008,086071,1976,02,12.4,20,Y
IDCJAC0008,086071,1976,03,9.6,31,Y
IDCJAC0008,086071,1976,04,6.5,20,Y
IDCJAC0008,086071,1976,05,5.3,20,Y
IDCJAC0008,086071,1976,06,1.2,21,Y
IDCJAC0008,086071,1976,07,0.9,27,Y
IDCJAC0008,086071,1976,08,1.6,15,Y
IDCJAC0008,086071,1976,09,3.4,26,Y
IDCJAC0008,086071,1976,10,4.6,12,Y
IDCJAC0008,086071,1976,11,6.3,07,Y
IDCJAC0008,086071,1976,12,9.4,05,Y
IDCJAC0008,086071,1977,01,10.7,19,Y
IDCJAC0008,086071,1977,02,10.9,20,Y
IDCJAC0008,086071,1977,03,9.1,16,Y
IDCJAC0008,086071,1977,04,6.1,27,Y
IDCJAC0008,086071,1977,05,4.4,31,Y
IDCJAC0008,086071,1977,06,2.8,23,Y
IDCJAC0008,086071,1977,07,1.7,19,Y
IDCJAC0008,086071,1977,08,2.7,28,Y
IDCJAC0008,086071,1977,09,3.2,17,Y
IDCJAC0008,086071,1977,10,7.2,08,Y
IDCJAC0008,086071,1977,11,5.5,06,Y
IDCJAC0008,086071,1977,12,8.0,19,Y
IDCJAC0008,086071,1978,01,11.0,17,Y
IDCJAC0008,086071,1978,02,9.8,10,Y
IDCJAC0008,086071,1978,03,9.0,27,Y
IDCJAC0008,086071,1978,04,4.2,27,Y
IDCJAC0008,086071,1978,05,5.5,16,Y
IDCJAC0008,086071,1978,06,2.6,27,Y
IDCJAC0008,086071,1978,07,3.3,02,Y
IDCJAC0008,086071,1978,08,3.0,18,Y
IDCJAC0008,086071,1978,09,4.2,14,Y
IDCJAC0008,086071,1978,10,5.2,14,Y
IDCJAC0008,086071,1978,11,6.5,02,Y
IDCJAC0008,086071,1978,12,9.9,05,Y
IDCJAC0008,086071,1979,01,13.0,28,Y
IDCJAC0008,086071,1979,02,11.8,16,Y
IDCJAC0008,086071,1979,03,10.6,26,Y
IDCJAC0008,086071,1979,04,4.6,30,Y
IDCJAC0008,086071,1979,05,4.6,06,Y
IDCJAC0008,086071,1979,06,3.0,23,Y
IDCJAC0008,086071,1979,07,1.2,26,Y
IDCJAC0008,086071,1979,08,4.5,25,Y
IDCJAC0008,086071,1979,09,3.5,14,Y
IDCJAC0008,086071,1979,10,5.1,16,Y
IDCJAC0008,086071,1979,11,9.4,29,Y
IDCJAC0008,086071,1979,12,8.0,12,Y
IDCJAC0008,086071,1980,01,9.3,27,Y
IDCJAC0008,086071,1980,02,8.7,10,Y
IDCJAC0008,086071,1980,03,8.3,11,Y
IDCJAC0008,086071,1980,04,5.5,02,Y
IDCJAC0008,086071,1980,05,5.8,21,Y
IDCJAC0008,086071,1980,06,1.5,14,Y
IDCJAC0008,086071,1980,07,2.4,24,Y
IDCJAC0008,086071,1980,08,2.3,17,Y
IDCJAC0008,086071,1980,09,4.9,13,Y
IDCJAC0008,086071,1980,10,5.5,04,Y
IDCJAC0008,086071,1980,11,4.0,04,Y
IDCJAC0008,086071,1980,12,10.5,18,Y
IDCJAC0008,086071,1981,01,12.1,22,Y
IDCJAC0008,086071,1981,02,13.7,11,Y
IDCJAC0008,086071,1981,03,8.0,22,Y
IDCJAC0008,086071,1981,04,7.4,30,Y
IDCJAC0008,086071,1981,05,2.1,20,Y
IDCJAC0008,086071,1981,06,2.5,07,Y
IDCJAC0008,086071,1981,07,3.2,31,Y
IDCJAC0008,086071,1981,08,3.0,11,Y
IDCJAC0008,086071,1981,09,6.3,22,Y
IDCJAC0008,086071,1981,10,5.6,12,Y
IDCJAC0008,086071,1981,11,7.6,07,Y
IDCJAC0008,086071,1981,12,9.7,13,Y
IDCJAC0008,086071,1982,01,12.5,28,Y
IDCJAC0008,086071,1982,02,10.4,27,Y
IDCJAC0008,086071,1982,03,9.0,10,Y
IDCJAC0008,086071,1982,04,6.9,27,Y
IDCJAC0008,086071,1982,05,3.7,15,Y
IDCJAC0008,086071,1982,06,0.0,05,Y
IDCJAC0008,086071,1982,07,-0.8,21,Y
IDCJAC0008,086071,1982,08,2.2,05,Y
IDCJAC0008,086071,1982,09,3.6,13,Y
IDCJAC0008,086071,1982,10,4.7,05,Y
IDCJAC0008,086071,1982,11,6.9,02,Y
IDCJAC0008,086071,1982,12,10.3,02,Y
IDCJAC0008,086071,1983,01,9.1,12,Y
IDCJAC0008,086071,1983,02,12.8,13,Y
IDCJAC0008,086071,1983,03,10.0,29,Y
IDCJAC0008,086071,1983,04,5.7,08,Y
IDCJAC0008,086071,1983,05,4.6,17,Y
IDCJAC0008,086071,1983,06,1.5,18,Y
IDCJAC0008,086071,1983,07,0.0,24,Y
IDCJAC0008,086071,1983,08,3.0,19,Y
IDCJAC0008,086071,1983,09,3.5,26,Y
IDCJAC0008,086071,1983,10,5.8,08,Y
IDCJAC0008,086071,1983,11,5.7,17,Y
IDCJAC0008,086071,1983,12,10.9,10,Y
IDCJAC0008,086071,1984,01,10.5,23,Y
IDCJAC0008,086071,1984,02,10.6,29,Y
IDCJAC0008,086071,1984,03,7.4,28,Y
IDCJAC0008,086071,1984,04,6.5,30,Y
IDCJAC0008,086071,1984,05,3.3,06,Y
IDCJAC0008,086071,1984,06,2.2,21,Y
IDCJAC0008,086071,1984,07,-0.1,15,Y
IDCJAC0008,086071,1984,08,5.2,30,Y
IDCJAC0008,086071,1984,09,4.6,06,Y
IDCJAC0008,086071,1984,10,4.2,01,Y
IDCJAC0008,086071,1984,11,7.6,16,Y
IDCJAC0008,086071,1984,12,9.1,04,Y
IDCJAC0008,086071,1985,01,11.0,06,Y
IDCJAC0008,086071,1985,02,10.2,02,Y
IDCJAC0008,086071,1985,03,9.8,07,Y
IDCJAC0008,086071,1985,04,6.3,21,Y
IDCJAC0008,086071,1985,05,4.5,17,Y
IDCJAC0008,086071,1985,06,0.6,23,Y
IDCJAC0008,086071,1985,07,0.3,24,Y
IDCJAC0008,086071,1985,08,3.6,29,Y
IDCJAC0008,086071,1985,09,4.8,08,Y
IDCJAC0008,086071,1985,10,6.1,06,Y
IDCJAC0008,086071,1985,11,7.4,01,Y
IDCJAC0008,086071,1985,12,10.8,28,Y
IDCJAC0008,086071,1986,01,10.6,03,Y
IDCJAC0008,086071,1986,02,10.7,12,Y
IDCJAC0008,086071,1986,03,8.6,12,Y
IDCJAC0008,086071,1986,04,6.9,29,Y
IDCJAC0008,086071,1986,05,6.3,26,Y
IDCJAC0008,086071,1986,06,0.8,30,Y
IDCJAC0008,086071,1986,07,2.1,26,Y
IDCJAC0008,086071,1986,08,1.7,11,Y
IDCJAC0008,086071,1986,09,5.5,29,Y
IDCJAC0008,086071,1986,10,5.2,23,Y
IDCJAC0008,086071,1986,11,7.5,30,Y
IDCJAC0008,086071,1986,12,8.5,15,Y
IDCJAC0008,086071,1987,01,8.5,09,Y
IDCJAC0008,086071,1987,02,9.5,23,Y
IDCJAC0008,086071,1987,03,9.5,11,Y
IDCJAC0008,086071,1987,04,7.1,20,Y
IDCJAC0008,086071,1987,05,4.3,28,Y
IDCJAC0008,086071,1987,06,3.0,17,Y
IDCJAC0008,086071,1987,07,1.5,24,Y
IDCJAC0008,086071,1987,08,4.2,18,Y
IDCJAC0008,086071,1987,09,4.8,05,Y
IDCJAC0008,086071,1987,10,4.9,12,Y
IDCJAC0008,086071,1987,11,8.7,22,Y
IDCJAC0008,086071,1987,12,8.2,03,Y
IDCJAC0008,086071,1988,01,11.6,25,Y
IDCJAC0008,086071,1988,02,9.2,07,Y
IDCJAC0008,086071,1988,03,10.0,12,Y
IDCJAC0008,086071,1988,04,6.6,10,Y
IDCJAC0008,086071,1988,05,6.3,31,Y
IDCJAC0008,086071,1988,06,2.8,17,Y
IDCJAC0008,086071,1988,07,4.9,04,Y
IDCJAC0008,086071,1988,08,3.9,12,Y
IDCJAC0008,086071,1988,09,4.7,14,Y
IDCJAC0008,086071,1988,10,5.6,13,Y
IDCJAC0008,086071,1988,11,7.2,06,Y
IDCJAC0008,086071,1988,12,9.5,27,Y
IDCJAC0008,086071,1989,01,9.5,06,Y
IDCJAC0008,086071,1989,02,13.0,23,Y
IDCJAC0008,086071,1989,03,9.4,26,Y
IDCJAC0008,086071,1989,04,8.3,24,Y
IDCJAC0008,086071,1989,05,5.2,21,Y
IDCJAC0008,086071,1989,06,0.5,28,Y
IDCJAC0008,086071,1989,07,1.6,22,Y
IDCJAC0008,086071,1989,08,3.7,01,Y
IDCJAC0008,086071,1989,09,5.0,28,Y
IDCJAC0008,086071,1989,10,5.1,03,Y
IDCJAC0008,086071,1989,11,8.1,01,Y
IDCJAC0008,086071,1989,12,10.4,29,Y
IDCJAC0008,086071,1990,01,10.7,16,Y
IDCJAC0008,086071,1990,02,12.0,01,Y
IDCJAC0008,086071,1990,03,9.2,13,Y
IDCJAC0008,086071,1990,04,8.9,28,Y
IDCJAC0008,086071,1990,05,4.5,29,Y
IDCJAC0008,086071,1990,06,3.7,28,Y
IDCJAC0008,086071,1990,07,4.4,06,Y
IDCJAC0008,086071,1990,08,2.1,27,Y
IDCJAC0008,086071,1990,09,3.0,08,Y
IDCJAC0008,086071,1990,10,6.0,08,Y
IDCJAC0008,086071,1990,11,8.3,20,Y
IDCJAC0008,086071,1990,12,10.0,24,Y
IDCJAC0008,086071,1991,01,11.5,29,Y
IDCJAC0008,086071,1991,02,11.4,17,Y
IDCJAC0008,086071,1991,03,9.0,22,Y
IDCJAC0008,086071,1991,04,5.4,23,Y
IDCJAC0008,086071,1991,05,4.9,30,Y
IDCJAC0008,086071,1991,06,4.2,27,Y
IDCJAC0008,086071,1991,07,4.8,26,Y
IDCJAC0008,086071,1991,08,2.4,18,Y
IDCJAC0008,086071,1991,09,4.5,20,Y
IDCJAC0008,086071,1991,10,7.4,14,Y
IDCJAC0008,086071,1991,11,7.3,10,Y
IDCJAC0008,086071,1991,12,8.9,02,Y
IDCJAC0008,086071,1992,01,10.5,13,Y
IDCJAC0008,086071,1992,02,10.2,25,Y
IDCJAC0008,086071,1992,03,8.0,22,Y
IDCJAC0008,086071,1992,04,4.9,22,Y
IDCJAC0008,086071,1992,05,4.1,21,Y
IDCJAC0008,086071,1992,06,2.6,22,Y
IDCJAC0008,086071,1992,07,3.0,14,Y
IDCJAC0008,086071,1992,08,2.1,26,Y
IDCJAC0008,086071,1992,09,3.5,09,Y
IDCJAC0008,086071,1992,10,5.4,23,Y
IDCJAC0008,086071,1992,11,5.8,02,Y
IDCJAC0008,086071,1992,12,8.4,01,Y
IDCJAC0008,086071,1993,01,11.0,11,Y
IDCJAC0008,086071,1993,02,9.6,21,Y
IDCJAC0008,086071,1993,03,9.2,31,Y
IDCJAC0008,086071,1993,04,6.6,26,Y
IDCJAC0008,086071,1993,05,4.3,28,Y
IDCJAC0008,086071,1993,06,2.7,28,Y
IDCJAC0008,086071,1993,07,1.8,05,Y
IDCJAC0008,086071,1993,08,2.5,05,Y
IDCJAC0008,086071,1993,09,5.7,13,Y
IDCJAC0008,086071,1993,10,5.2,13,Y
IDCJAC0008,086071,1993,11,5.3,08,Y
IDCJAC0008,086071,1993,12,8.5,05,Y
IDCJAC0008,086071,1994,01,8.9,10,Y
IDCJAC0008,086071,1994,02,12.2,20,Y
IDCJAC0008,086071,1994,03,9.8,19,Y
IDCJAC0008,086071,1994,04,4.9,30,Y
IDCJAC0008,086071,1994,05,3.4,04,Y
IDCJAC0008,086071,1994,06,1.0,30,Y
IDCJAC0008,086071,1994,07,0.7,01,Y
IDCJAC0008,086071,1994,08,1.2,21,Y
IDCJAC0008,086071,1994,09,2.2,08,Y
IDCJAC0008,086071,1994,10,5.2,14,Y
IDCJAC0008,086071,1994,11,6.8,16,Y
IDCJAC0008,086071,1994,12,9.3,01,Y
IDCJAC0008,086071,1995,01,10.8,08,Y
IDCJAC0008,086071,1995,02,10.6,07,Y
IDCJAC0008,086071,1995,03,6.7,26,Y
IDCJAC0008,086071,1995,04,5.1,28,Y
IDCJAC0008,086071,1995,05,4.5,29,Y
IDCJAC0008,086071,1995,06,1.4,22,Y
IDCJAC0008,086071,1995,07,5.2,10,Y
IDCJAC0008,086071,1995,08,2.3,03,Y
IDCJAC0008,086071,1995,09,2.8,07,Y
IDCJAC0008,086071,1995,10,4.7,09,Y
IDCJAC0008,086071,1995,11,8.7,08,Y
IDCJAC0008,086071,1995,12,8.0,12,Y
IDCJAC0008,086071,1996,01,10.2,21,Y
IDCJAC0008,086071,1996,02,10.4,14,Y
IDCJAC0008,086071,1996,03,7.4,23,Y
IDCJAC0008,086071,1996,04,5.2,29,Y
IDCJAC0008,086071,1996,05,3.8,17,Y
IDCJAC0008,086071,1996,06,2.2,14,Y
IDCJAC0008,086071,1996,07,1.9,13,Y
IDCJAC0008,086071,1996,08,4.0,08,Y
IDCJAC0008,086071,1996,09,3.6,27,Y
IDCJAC0008,086071,1996,10,5.7,20,Y
IDCJAC0008,086071,1996,11,8.0,11,Y
IDCJAC0008,086071,1996,12,7.9,08,Y
IDCJAC0008,086071,1997,01,11.2,07,Y
IDCJAC0008,086071,1997,02,13.4,28,Y
IDCJAC0008,086071,1997,03,10.0,13,Y
IDCJAC0008,086071,1997,04,7.0,19,Y
IDCJAC0008,086071,1997,05,4.1,31,Y
IDCJAC0008,086071,1997,06,3.3,20,Y
IDCJAC0008,086071,1997,07,1.7,30,Y
IDCJAC0008,086071,1997,08,0.3,04,Y
IDCJAC0008,086071,1997,09,4.3,30,Y
IDCJAC0008,086071,1997,10,6.0,01,Y
IDCJAC0008,086071,1997,11,7.8,16,Y
IDCJAC0008,086071,1997,12,10.8,04,Y
IDCJAC0008,086071,1998,01,11.6,29,Y
IDCJAC0008,086071,1998,02,10.5,17,Y
IDCJAC0008,086071,1998,03,10.2,17,Y
IDCJAC0008,086071,1998,04,6.4,18,Y
IDCJAC0008,086071,1998,05,4.4,10,Y
IDCJAC0008,086071,1998,06,1.4,18,Y
IDCJAC0008,086071,1998,07,1.5,15,Y
IDCJAC0008,086071,1998,08,4.1,28,Y
IDCJAC0008,086071,1998,09,4.2,09,Y
IDCJAC0008,086071,1998,10,5.7,27,Y
IDCJAC0008,086071,1998,11,6.1,02,Y
IDCJAC0008,086071,1998,12,10.4,21,Y
IDCJAC0008,086071,1999,01,12.7,21,Y
IDCJAC0008,086071,1999,02,11.2,07,Y
IDCJAC0008,086071,1999,03,10.2,28,Y
IDCJAC0008,086071,1999,04,4.7,25,Y
IDCJAC0008,086071,1999,05,3.1,16,Y
IDCJAC0008,086071,1999,06,3.2,12,Y
IDCJAC0008,086071,1999,07,3.0,26,Y
IDCJAC0008,086071,1999,08,5.5,03,Y
IDCJAC0008,086071,1999,09,4.1,12,Y
IDCJAC0008,086071,1999,10,6.8,02,Y
IDCJAC0008,086071,1999,11,6.4,09,Y
IDCJAC0008,086071,1999,12,10.5,12,Y
IDCJAC0008,086071,2000,01,9.5,24,Y
IDCJAC0008,086071,2000,02,11.7,13,Y
IDCJAC0008,086071,2000,03,10.5,25,Y
IDCJAC0008,086071,2000,04,7.8,25,Y
IDCJAC0008,086071,2000,05,4.7,18,Y
IDCJAC0008,086071,2000,06,2.6,14,Y
IDCJAC0008,086071,2000,07,2.2,14,Y
IDCJAC0008,086071,2000,08,3.8,17,Y
IDCJAC0008,086071,2000,09,6.7,15,Y
IDCJAC0008,086071,2000,10,4.8,17,Y
IDCJAC0008,086071,2000,11,9.3,07,Y
IDCJAC0008,086071,2000,12,9.3,28,Y
IDCJAC0008,086071,2001,01,13.4,09,Y
IDCJAC0008,086071,2001,02,13.5,15,Y
IDCJAC0008,086071,2001,03,10.1,30,Y
IDCJAC0008,086071,2001,04,7.3,09,Y
IDCJAC0008,086071,2001,05,5.9,08,Y
IDCJAC0008,086071,2001,06,4.3,27,Y
IDCJAC0008,086071,2001,07,3.8,22,Y
IDCJAC0008,086071,2001,08,5.2,24,Y
IDCJAC0008,086071,2001,09,4.9,06,Y
IDCJAC0008,086071,2001,10,5.9,21,Y
IDCJAC0008,086071,2001,11,6.0,11,Y
IDCJAC0008,086071,2001,12,9.6,27,Y
IDCJAC0008,086071,2002,01,11.7,10,Y
IDCJAC0008,086071,2002,02,11.5,10,Y
IDCJAC0008,086071,2002,03,9.4,22,Y
IDCJAC0008,086071,2002,04,5.7,28,Y
IDCJAC0008,086071,2002,05,4.1,25,Y
IDCJAC0008,086071,2002,06,1.6,19,Y
IDCJAC0008,086071,2002,07,2.3,25,Y
IDCJAC0008,086071,2002,08,2.4,25,Y
IDCJAC0008,086071,2002,09,4.5,12,Y
IDCJAC0008,086071,2002,10,6.0,01,Y
IDCJAC0008,086071,2002,11,8.4,16,Y
IDCJAC0008,086071,2002,12,7.9,06,Y
IDCJAC0008,086071,2003,01,11.8,02,Y
IDCJAC0008,086071,2003,02,13.2,12,Y
IDCJAC0008,086071,2003,03,10.4,01,Y
IDCJAC0008,086071,2003,04,7.5,17,Y
IDCJAC0008,086071,2003,05,4.1,24,Y
IDCJAC0008,086071,2003,06,2.8,25,Y
IDCJAC0008,086071,2003,07,4.1,04,Y
IDCJAC0008,086071,2003,08,2.0,20,Y
IDCJAC0008,086071,2003,09,3.2,28,Y
IDCJAC0008,086071,2003,10,5.2,09,Y
IDCJAC0008,086071,2003,11,6.8,04,Y
IDCJAC0008,086071,2003,12,11.6,14,Y
IDCJAC0008,086071,2004,01,9.3,18,Y
IDCJAC0008,086071,2004,02,11.6,24,Y
IDCJAC0008,086071,2004,03,10.6,02,Y
IDCJAC0008,086071,2004,04,6.9,20,Y
IDCJAC0008,086071,2004,05,5.1,13,Y
IDCJAC0008,086071,2004,06,3.8,06,Y
IDCJAC0008,086071,2004,07,2.8,27,Y
IDCJAC0008,086071,2004,08,2.0,16,Y
IDCJAC0008,086071,2004,09,4.6,12,Y
IDCJAC0008,086071,2004,10,6.7,16,Y
IDCJAC0008,086071,2004,11,7.7,03,Y
IDCJAC0008,086071,2004,12,8.9,28,Y
IDCJAC0008,086071,2005,01,10.5,03,Y
IDCJAC0008,086071,2005,02,11.0,03,Y
IDCJAC0008,086071,2005,03,8.7,26,Y
IDCJAC0008,086071,2005,04,7.7,05,Y
IDCJAC0008,086071,2005,05,5.1,09,Y
IDCJAC0008,086071,2005,06,3.3,25,Y
IDCJAC0008,086071,2005,07,4.2,18,Y
IDCJAC0008,086071,2005,08,2.5,27,Y
IDCJAC0008,086071,2005,09,3.7,01,Y
IDCJAC0008,086071,2005,10,6.9,15,Y
IDCJAC0008,086071,2005,11,10.0,13,Y
IDCJAC0008,086071,2005,12,11.0,11,Y
IDCJAC0008,086071,2006,01,12.1,05,Y
IDCJAC0008,086071,2006,02,10.9,08,Y
IDCJAC0008,086071,2006,03,11.0,21,Y
IDCJAC0008,086071,2006,04,5.9,25,Y
IDCJAC0008,086071,2006,05,3.9,30,Y
IDCJAC0008,086071,2006,06,2.7,20,Y
IDCJAC0008,086071,2006,07,2.6,21,Y
IDCJAC0008,086071,2006,08,2.8,07,Y
IDCJAC0008,086071,2006,09,4.2,25,Y
IDCJAC0008,086071,2006,10,5.2,22,Y
IDCJAC0008,086071,2006,11,7.4,16,Y
IDCJAC0008,086071,2006,12,8.5,25,Y
IDCJAC0008,086071,2007,01,13.1,09,Y
IDCJAC0008,086071,2007,02,13.3,09,Y
IDCJAC0008,086071,2007,03,9.2,26,Y
IDCJAC0008,086071,2007,04,8.3,26,Y
IDCJAC0008,086071,2007,05,7.5,30,Y
IDCJAC0008,086071,2007,06,3.0,14,Y
IDCJAC0008,086071,2007,07,2.2,21,Y
IDCJAC0008,086071,2007,08,3.3,20,Y
IDCJAC0008,086071,2007,09,4.6,05,Y
IDCJAC0008,086071,2007,10,5.7,07,Y
IDCJAC0008,086071,2007,11,8.9,06,Y
IDCJAC0008,086071,2007,12,10.2,23,Y
IDCJAC0008,086071,2008,01,12.8,15,Y
IDCJAC0008,086071,2008,02,13.0,29,Y
IDCJAC0008,086071,2008,03,8.3,30,Y
IDCJAC0008,086071,2008,04,6.1,30,Y
IDCJAC0008,086071,2008,05,2.2,24,Y
IDCJAC0008,086071,2008,06,5.1,02,Y
IDCJAC0008,086071,2008,07,3.4,29,Y
IDCJAC0008,086071,2008,08,3.2,25,Y
IDCJAC0008,086071,2008,09,4.8,17,Y
IDCJAC0008,086071,2008,10,5.7,05,Y
IDCJAC0008,086071,2008,11,7.9,22,Y
IDCJAC0008,086071,2008,12,9.9,20,Y
IDCJAC0008,086071,2009,01,9.2,03,Y
IDCJAC0008,086071,2009,02,12.8,13,Y
IDCJAC0008,086071,2009,03,9.7,28,Y
IDCJAC0008,086071,2009,04,2.9,30,Y
IDCJAC0008,086071,2009,05,5.8,01,Y
IDCJAC0008,086071,2009,06,4.6,18,Y
IDCJAC0008,086071,2009,07,3.4,08,Y
IDCJAC0008,086071,2009,08,3.8,08,Y
IDCJAC0008,086071,2009,09,5.5,15,Y
IDCJAC0008,086071,2009,10,5.9,10,Y
IDCJAC0008,086071,2009,11,9.4,06,Y
IDCJAC0008,086071,2009,12,9.6,09,Y
IDCJAC0008,086071,2010,01,10.4,18,Y
IDCJAC0008,086071,2010,02,12.7,24,Y
IDCJAC0008,086071,2010,03,11.1,12,Y
IDCJAC0008,086071,2010,04,8.7,26,Y
IDCJAC0008,086071,2010,05,4.0,23,Y
IDCJAC0008,086071,2010,06,3.6,22,Y
IDCJAC0008,086071,2010,07,3.2,20,Y
IDCJAC0008,086071,2010,08,4.2,25,Y
IDCJAC0008,086071,2010,09,5.2,08,Y
IDCJAC0008,086071,2010,10,4.7,16,Y
IDCJAC0008,086071,2010,11,8.8,05,Y
IDCJAC0008,086071,2010,12,9.0,28,Y
IDCJAC0008,086071,2011,01,12.7,04,Y
IDCJAC0008,086071,2011,02,10.8,07,Y
IDCJAC0008,086071,2011,03,10.8,05,Y
IDCJAC0008,086071,2011,04,8.2,11,Y
IDCJAC0008,086071,2011,05,3.5,10,Y
IDCJAC0008,086071,2011,06,3.4,01,Y
IDCJAC0008,086071,2011,07,2.7,27,Y
IDCJAC0008,086071,2011,08,3.5,12,Y
IDCJAC0008,086071,2011,09,5.4,08,Y
IDCJAC0008,086071,2011,10,5.6,03,Y
IDCJAC0008,086071,2011,11,10.1,05,Y
IDCJAC0008,086071,2011,12,8.6,05,Y
IDCJAC0008,086071,2012,01,12.5,12,Y
IDCJAC0008,086071,2012,02,12.4,09,Y
IDCJAC0008,086071,2012,03,9.4,26,Y
IDCJAC0008,086071,2012,04,6.2,30,Y
IDCJAC0008,086071,2012,05,4.6,21,Y
IDCJAC0008,086071,2012,06,3.4,12,Y
IDCJAC0008,086071,2012,07,2.3,07,Y
IDCJAC0008,086071,2012,08,3.1,02,Y
IDCJAC0008,086071,2012,09,5.3,02,Y
IDCJAC0008,086071,2012,10,6.8,07,Y
IDCJAC0008,086071,2012,11,8.2,11,Y
IDCJAC0008,086071,2012,12,11.8,17,Y
IDCJAC0008,086071,2013,01,12.2,30,Y
IDCJAC0008,086071,2013,02,12.2,01,Y
IDCJAC0008,086071,2013,03,10.9,29,Y
IDCJAC0008,086071,2013,04,6.9,21,Y
IDCJAC0008,086071,2013,05,4.9,24,Y
IDCJAC0008,086071,2013,06,1.5,23,Y
IDCJAC0008,086071,2013,07,3.1,10,Y
IDCJAC0008,086071,2013,08,5.2,01,Y
IDCJAC0008,086071,2013,09,3.9,13,Y
IDCJAC0008,086071,2013,10,5.8,04,Y
IDCJAC0008,086071,2013,11,9.1,05,Y
IDCJAC0008,086071,2013,12,7.9,06,Y
IDCJAC0008,086071,2014,01,10.9,05,Y
IDCJAC0008,086071,2014,02,12.6,20,Y
IDCJAC0008,086071,2014,03,11.2,20,Y
IDCJAC0008,086071,2014,04,6.5,28,Y
IDCJAC0008,086071,2014,05,4.3,08,Y
IDCJAC0008,086071,2014,06,6.5,30,Y
IDCJAC0008,086071,2014,07,4.5,24,Y
IDCJAC0008,086071,2014,08,1.4,03,Y
IDCJAC0008,086071,2014,09,5.0,05,Y
IDCJAC0008,086071,2014,10,7.1,01,Y
IDCJAC0008,086071,2014,11,9.0,02,Y
IDCJAC0008,086071,2014,12,10.9,26,Y
IDCJAC0008,086071,2015,01,14.0,01,Y
