Product code,Station number,Year,Month,Highest temperature (Â°C),Day,Quality
IDCJAC0005,086071,1855,05,22.2,14,Y
IDCJAC0005,086071,1855,06,18.3,01,Y
IDCJAC0005,086071,1855,07,15.5,05,Y
IDCJAC0005,086071,1855,08,19.4,15,Y
IDCJAC0005,086071,1855,09,27.2,29,Y
IDCJAC0005,086071,1855,10,32.2,24,Y
IDCJAC0005,086071,1855,11,35.5,22,Y
IDCJAC0005,086071,1855,12,36.9,09,Y
IDCJAC0005,086071,1856,01,36.7,26,Y
IDCJAC0005,086071,1856,02,36.1,17,Y
IDCJAC0005,086071,1856,03,35.1,09,Y
IDCJAC0005,086071,1856,04,30.3,02,Y
IDCJAC0005,086071,1856,05,20.1,06,Y
IDCJAC0005,086071,1856,06,17.1,03,Y
IDCJAC0005,086071,1856,07,16.7,29,Y
IDCJAC0005,086071,1856,08,23.3,31,Y
IDCJAC0005,086071,1856,09,24.7,14,Y
IDCJAC0005,086071,1856,10,28.1,22,Y
IDCJAC0005,086071,1856,11,28.9,25,Y
IDCJAC0005,086071,1856,12,30.3,19,Y
IDCJAC0005,086071,1857,01,38.3,12,Y
IDCJAC0005,086071,1857,02,39.5,08,Y
IDCJAC0005,086071,1857,03,36.9,01,Y
IDCJAC0005,086071,1857,04,28.8,20,Y
IDCJAC0005,086071,1857,05,19.8,14,Y
IDCJAC0005,086071,1857,06,18.8,07,Y
IDCJAC0005,086071,1857,07,17.9,30,Y
IDCJAC0005,086071,1857,08,19.7,23,Y
IDCJAC0005,086071,1857,09,26.4,27,Y
IDCJAC0005,086071,1857,10,27.2,16,Y
IDCJAC0005,086071,1857,11,32.1,09,Y
IDCJAC0005,086071,1857,12,42.9,24,Y
IDCJAC0005,086071,1858,01,42.1,28,Y
IDCJAC0005,086071,1858,02,35.7,19,Y
IDCJAC0005,086071,1858,03,34.0,07,Y
IDCJAC0005,086071,1858,04,29.9,01,Y
IDCJAC0005,086071,1858,05,24.5,06,Y
IDCJAC0005,086071,1858,06,16.5,01,Y
IDCJAC0005,086071,1858,07,15.1,22,Y
IDCJAC0005,086071,1858,08,21.7,28,Y
IDCJAC0005,086071,1858,09,22.3,19,Y
IDCJAC0005,086071,1858,10,30.3,25,Y
IDCJAC0005,086071,1858,11,39.5,22,Y
IDCJAC0005,086071,1858,12,34.6,31,Y
IDCJAC0005,086071,1859,01,35.8,01,Y
IDCJAC0005,086071,1859,02,40.0,06,Y
IDCJAC0005,086071,1859,03,30.8,01,Y
IDCJAC0005,086071,1859,04,29.7,02,Y
IDCJAC0005,086071,1859,05,22.1,01,Y
IDCJAC0005,086071,1859,06,17.1,08,Y
IDCJAC0005,086071,1859,07,16.1,17,Y
IDCJAC0005,086071,1859,08,19.3,05,Y
IDCJAC0005,086071,1859,09,22.1,25,Y
IDCJAC0005,086071,1859,10,29.4,02,Y
IDCJAC0005,086071,1859,11,34.1,22,Y
IDCJAC0005,086071,1859,12,39.4,04,Y
IDCJAC0005,086071,1860,01,43.9,22,Y
IDCJAC0005,086071,1860,02,34.3,27,Y
IDCJAC0005,086071,1860,03,35.1,25,Y
IDCJAC0005,086071,1860,04,29.9,02,Y
IDCJAC0005,086071,1860,05,19.1,08,Y
IDCJAC0005,086071,1860,06,17.3,21,Y
IDCJAC0005,086071,1860,07,17.1,31,Y
IDCJAC0005,086071,1860,08,18.3,27,Y
IDCJAC0005,086071,1860,09,24.1,08,Y
IDCJAC0005,086071,1860,10,24.5,06,Y
IDCJAC0005,086071,1860,11,29.9,22,Y
IDCJAC0005,086071,1860,12,34.4,31,Y
IDCJAC0005,086071,1861,01,36.9,10,Y
IDCJAC0005,086071,1861,02,32.0,14,Y
IDCJAC0005,086071,1861,03,35.6,12,Y
IDCJAC0005,086071,1861,04,27.7,05,Y
IDCJAC0005,086071,1861,05,22.4,08,Y
IDCJAC0005,086071,1861,06,17.8,11,Y
IDCJAC0005,086071,1861,07,15.3,02,Y
IDCJAC0005,086071,1861,08,19.5,29,Y
IDCJAC0005,086071,1861,09,25.0,26,Y
IDCJAC0005,086071,1861,10,30.6,20,Y
IDCJAC0005,086071,1861,11,32.9,18,Y
IDCJAC0005,086071,1861,12,30.5,27,Y
IDCJAC0005,086071,1862,01,44.0,14,Y
IDCJAC0005,086071,1862,02,35.9,23,Y
IDCJAC0005,086071,1862,03,37.0,09,Y
IDCJAC0005,086071,1862,04,24.3,15,Y
IDCJAC0005,086071,1862,05,19.3,19,Y
IDCJAC0005,086071,1862,06,16.1,20,Y
IDCJAC0005,086071,1862,07,16.9,10,Y
IDCJAC0005,086071,1862,08,22.7,26,Y
IDCJAC0005,086071,1862,09,24.1,27,Y
IDCJAC0005,086071,1862,10,30.3,13,Y
IDCJAC0005,086071,1862,11,36.3,17,Y
IDCJAC0005,086071,1862,12,41.7,31,Y
IDCJAC0005,086071,1863,01,40.3,08,Y
IDCJAC0005,086071,1863,02,40.0,02,Y
IDCJAC0005,086071,1863,03,33.3,05,Y
IDCJAC0005,086071,1863,04,28.1,15,Y
IDCJAC0005,086071,1863,05,22.3,11,Y
IDCJAC0005,086071,1863,06,16.7,05,Y
IDCJAC0005,086071,1863,07,18.2,25,Y
IDCJAC0005,086071,1863,08,17.9,25,Y
IDCJAC0005,086071,1863,09,21.7,25,Y
IDCJAC0005,086071,1863,10,25.6,25,Y
IDCJAC0005,086071,1863,11,31.1,21,Y
IDCJAC0005,086071,1863,12,33.7,29,Y
IDCJAC0005,086071,1864,01,35.9,08,Y
IDCJAC0005,086071,1864,02,34.5,18,Y
IDCJAC0005,086071,1864,03,33.3,14,Y
IDCJAC0005,086071,1864,04,29.5,01,Y
IDCJAC0005,086071,1864,05,21.3,04,Y
IDCJAC0005,086071,1864,06,17.6,16,Y
IDCJAC0005,086071,1864,07,17.7,14,Y
IDCJAC0005,086071,1864,08,18.3,28,Y
IDCJAC0005,086071,1864,09,26.1,20,Y
IDCJAC0005,086071,1864,10,26.1,10,Y
IDCJAC0005,086071,1864,11,33.3,30,Y
IDCJAC0005,086071,1864,12,33.9,23,Y
IDCJAC0005,086071,1865,01,34.8,04,Y
IDCJAC0005,086071,1865,02,39.7,27,Y
IDCJAC0005,086071,1865,03,35.7,04,Y
IDCJAC0005,086071,1865,04,34.4,06,Y
IDCJAC0005,086071,1865,05,21.1,08,Y
IDCJAC0005,086071,1865,06,20.1,21,Y
IDCJAC0005,086071,1865,07,15.0,30,Y
IDCJAC0005,086071,1865,08,21.3,21,Y
IDCJAC0005,086071,1865,09,26.1,22,Y
IDCJAC0005,086071,1865,10,32.8,31,Y
IDCJAC0005,086071,1865,11,37.3,11,Y
IDCJAC0005,086071,1865,12,38.7,27,Y
IDCJAC0005,086071,1866,01,42.3,16,Y
IDCJAC0005,086071,1866,02,39.1,08,Y
IDCJAC0005,086071,1866,03,35.5,12,Y
IDCJAC0005,086071,1866,04,32.7,11,Y
IDCJAC0005,086071,1866,05,27.8,01,Y
IDCJAC0005,086071,1866,06,18.0,15,Y
IDCJAC0005,086071,1866,07,17.2,03,Y
IDCJAC0005,086071,1866,08,21.3,29,Y
IDCJAC0005,086071,1866,09,23.9,14,Y
IDCJAC0005,086071,1866,10,32.1,30,Y
IDCJAC0005,086071,1866,11,35.1,06,Y
IDCJAC0005,086071,1866,12,36.1,25,Y
IDCJAC0005,086071,1867,01,42.4,12,Y
IDCJAC0005,086071,1867,02,37.2,10,Y
IDCJAC0005,086071,1867,03,36.1,06,Y
IDCJAC0005,086071,1867,04,29.7,04,Y
IDCJAC0005,086071,1867,05,23.3,15,Y
IDCJAC0005,086071,1867,06,18.8,07,Y
IDCJAC0005,086071,1867,07,18.7,12,Y
IDCJAC0005,086071,1867,08,21.5,25,Y
IDCJAC0005,086071,1867,09,22.2,03,Y
IDCJAC0005,086071,1867,10,28.2,30,Y
IDCJAC0005,086071,1867,11,35.0,28,Y
IDCJAC0005,086071,1867,12,40.3,19,Y
IDCJAC0005,086071,1868,01,37.9,25,Y
IDCJAC0005,086071,1868,02,34.1,04,Y
IDCJAC0005,086071,1868,03,40.3,01,Y
IDCJAC0005,086071,1868,04,27.1,17,Y
IDCJAC0005,086071,1868,05,26.0,16,Y
IDCJAC0005,086071,1868,06,19.4,29,Y
IDCJAC0005,086071,1868,07,17.7,28,Y
IDCJAC0005,086071,1868,08,19.9,27,Y
IDCJAC0005,086071,1868,09,25.5,16,Y
IDCJAC0005,086071,1868,10,35.4,28,Y
IDCJAC0005,086071,1868,11,38.5,28,Y
IDCJAC0005,086071,1868,12,43.3,24,Y
IDCJAC0005,086071,1869,01,37.5,27,Y
IDCJAC0005,086071,1869,02,38.2,19,Y
IDCJAC0005,086071,1869,03,31.7,27,Y
IDCJAC0005,086071,1869,04,29.7,04,Y
IDCJAC0005,086071,1869,05,19.6,14,Y
IDCJAC0005,086071,1869,06,17.5,04,Y
IDCJAC0005,086071,1869,07,18.1,13,Y
IDCJAC0005,086071,1869,08,23.3,29,Y
IDCJAC0005,086071,1869,09,25.4,15,Y
IDCJAC0005,086071,1869,10,26.7,22,Y
IDCJAC0005,086071,1869,11,33.9,17,Y
IDCJAC0005,086071,1869,12,42.4,20,Y
IDCJAC0005,086071,1870,01,41.7,24,Y
IDCJAC0005,086071,1870,02,42.7,15,Y
IDCJAC0005,086071,1870,03,32.2,19,Y
IDCJAC0005,086071,1870,04,30.5,02,Y
IDCJAC0005,086071,1870,05,20.3,05,Y
IDCJAC0005,086071,1870,06,17.1,26,Y
IDCJAC0005,086071,1870,07,18.1,16,Y
IDCJAC0005,086071,1870,08,18.7,25,Y
IDCJAC0005,086071,1870,09,21.7,05,Y
IDCJAC0005,086071,1870,10,27.0,24,Y
IDCJAC0005,086071,1870,11,29.4,11,Y
IDCJAC0005,086071,1870,12,36.3,17,Y
IDCJAC0005,086071,1871,01,36.7,26,Y
IDCJAC0005,086071,1871,02,34.3,18,Y
IDCJAC0005,086071,1871,03,30.5,27,Y
IDCJAC0005,086071,1871,04,31.0,02,Y
IDCJAC0005,086071,1871,05,22.7,08,Y
IDCJAC0005,086071,1871,06,17.6,26,Y
IDCJAC0005,086071,1871,07,17.7,14,Y
IDCJAC0005,086071,1871,08,21.2,24,Y
IDCJAC0005,086071,1871,09,23.2,17,Y
IDCJAC0005,086071,1871,10,30.3,24,Y
IDCJAC0005,086071,1871,11,31.7,21,Y
IDCJAC0005,086071,1871,12,41.1,22,Y
IDCJAC0005,086071,1872,01,39.6,16,Y
IDCJAC0005,086071,1872,02,35.5,17,Y
IDCJAC0005,086071,1872,03,35.5,03,Y
IDCJAC0005,086071,1872,04,25.6,20,Y
IDCJAC0005,086071,1872,05,19.6,31,Y
IDCJAC0005,086071,1872,06,20.0,02,Y
IDCJAC0005,086071,1872,07,17.7,09,Y
IDCJAC0005,086071,1872,08,18.4,17,Y
IDCJAC0005,086071,1872,09,24.4,11,Y
IDCJAC0005,086071,1872,10,29.2,28,Y
IDCJAC0005,086071,1872,11,33.3,26,Y
IDCJAC0005,086071,1872,12,32.3,06,Y
IDCJAC0005,086071,1873,01,38.3,20,Y
IDCJAC0005,086071,1873,02,39.1,16,Y
IDCJAC0005,086071,1873,03,35.1,05,Y
IDCJAC0005,086071,1873,04,29.5,07,Y
IDCJAC0005,086071,1873,05,21.4,08,Y
IDCJAC0005,086071,1873,06,20.0,01,Y
IDCJAC0005,086071,1873,07,17.7,31,Y
IDCJAC0005,086071,1873,08,21.9,28,Y
IDCJAC0005,086071,1873,09,26.3,28,Y
IDCJAC0005,086071,1873,10,32.1,16,Y
IDCJAC0005,086071,1873,11,28.9,04,Y
IDCJAC0005,086071,1873,12,38.4,08,Y
IDCJAC0005,086071,1874,01,37.7,02,Y
IDCJAC0005,086071,1874,02,38.3,14,Y
IDCJAC0005,086071,1874,03,33.5,11,Y
IDCJAC0005,086071,1874,04,25.8,09,Y
IDCJAC0005,086071,1874,05,22.5,09,Y
IDCJAC0005,086071,1874,06,16.9,06,Y
IDCJAC0005,086071,1874,07,17.1,24,Y
IDCJAC0005,086071,1874,08,20.1,21,Y
IDCJAC0005,086071,1874,09,20.7,24,Y
IDCJAC0005,086071,1874,10,31.3,18,Y
IDCJAC0005,086071,1874,11,31.0,04,Y
IDCJAC0005,086071,1874,12,39.3,17,Y
IDCJAC0005,086071,1875,01,43.5,20,Y
IDCJAC0005,086071,1875,02,37.9,03,Y
IDCJAC0005,086071,1875,03,33.9,10,Y
IDCJAC0005,086071,1875,04,26.7,10,Y
IDCJAC0005,086071,1875,05,20.8,03,Y
IDCJAC0005,086071,1875,06,18.3,24,Y
IDCJAC0005,086071,1875,07,18.9,14,Y
IDCJAC0005,086071,1875,08,20.5,17,Y
IDCJAC0005,086071,1875,09,23.7,25,Y
IDCJAC0005,086071,1875,10,27.1,14,Y
IDCJAC0005,086071,1875,11,30.0,27,Y
IDCJAC0005,086071,1875,12,34.0,20,Y
IDCJAC0005,086071,1876,01,39.3,30,Y
IDCJAC0005,086071,1876,02,39.3,07,Y
IDCJAC0005,086071,1876,03,36.7,14,Y
IDCJAC0005,086071,1876,04,26.1,15,Y
IDCJAC0005,086071,1876,05,22.3,05,Y
IDCJAC0005,086071,1876,06,17.5,05,Y
IDCJAC0005,086071,1876,07,16.7,26,Y
IDCJAC0005,086071,1876,08,21.3,23,Y
IDCJAC0005,086071,1876,09,26.7,20,Y
IDCJAC0005,086071,1876,10,28.5,04,Y
IDCJAC0005,086071,1876,11,35.1,14,Y
IDCJAC0005,086071,1876,12,43.7,15,Y
IDCJAC0005,086071,1877,01,38.1,10,Y
IDCJAC0005,086071,1877,02,37.9,08,Y
IDCJAC0005,086071,1877,03,32.1,23,Y
IDCJAC0005,086071,1877,04,30.0,03,Y
IDCJAC0005,086071,1877,05,20.9,14,Y
IDCJAC0005,086071,1877,06,19.7,05,Y
IDCJAC0005,086071,1877,07,18.3,31,Y
IDCJAC0005,086071,1877,08,20.7,13,Y
IDCJAC0005,086071,1877,09,23.9,28,Y
IDCJAC0005,086071,1877,10,32.2,26,Y
IDCJAC0005,086071,1877,11,36.1,26,Y
IDCJAC0005,086071,1877,12,36.0,12,Y
IDCJAC0005,086071,1878,01,37.3,09,Y
IDCJAC0005,086071,1878,02,32.9,22,Y
IDCJAC0005,086071,1878,03,36.0,13,Y
IDCJAC0005,086071,1878,04,28.4,08,Y
IDCJAC0005,086071,1878,05,20.7,06,Y
IDCJAC0005,086071,1878,06,14.1,05,Y
IDCJAC0005,086071,1878,07,20.2,24,Y
IDCJAC0005,086071,1878,08,22.1,27,Y
IDCJAC0005,086071,1878,09,25.5,20,Y
IDCJAC0005,086071,1878,10,32.0,30,Y
IDCJAC0005,086071,1878,11,39.4,14,Y
IDCJAC0005,086071,1878,12,39.7,20,Y
IDCJAC0005,086071,1879,01,41.1,29,Y
IDCJAC0005,086071,1879,02,40.0,06,Y
IDCJAC0005,086071,1879,03,35.1,12,Y
IDCJAC0005,086071,1879,04,31.1,05,Y
IDCJAC0005,086071,1879,05,20.3,22,Y
IDCJAC0005,086071,1879,06,15.4,07,Y
IDCJAC0005,086071,1879,07,16.1,30,Y
IDCJAC0005,086071,1879,08,22.9,31,Y
IDCJAC0005,086071,1879,09,22.7,11,Y
IDCJAC0005,086071,1879,10,26.9,23,Y
IDCJAC0005,086071,1879,11,28.6,29,Y
IDCJAC0005,086071,1879,12,36.7,18,Y
IDCJAC0005,086071,1880,01,41.3,20,Y
IDCJAC0005,086071,1880,02,35.7,03,Y
IDCJAC0005,086071,1880,03,32.7,16,Y
IDCJAC0005,086071,1880,04,26.1,19,Y
IDCJAC0005,086071,1880,05,20.1,01,Y
IDCJAC0005,086071,1880,06,16.9,02,Y
IDCJAC0005,086071,1880,07,17.6,27,Y
IDCJAC0005,086071,1880,08,20.5,16,Y
IDCJAC0005,086071,1880,09,25.1,08,Y
IDCJAC0005,086071,1880,10,23.2,30,Y
IDCJAC0005,086071,1880,11,33.3,18,Y
IDCJAC0005,086071,1880,12,39.9,30,Y
IDCJAC0005,086071,1881,01,37.7,26,Y
IDCJAC0005,086071,1881,02,37.3,21,Y
IDCJAC0005,086071,1881,03,36.7,22,Y
IDCJAC0005,086071,1881,04,33.3,07,Y
IDCJAC0005,086071,1881,05,23.5,08,Y
IDCJAC0005,086071,1881,06,18.3,01,Y
IDCJAC0005,086071,1881,07,17.7,21,Y
IDCJAC0005,086071,1881,08,23.7,16,Y
IDCJAC0005,086071,1881,09,25.5,16,Y
IDCJAC0005,086071,1881,10,29.3,30,Y
IDCJAC0005,086071,1881,11,33.3,13,Y
IDCJAC0005,086071,1881,12,36.1,05,Y
IDCJAC0005,086071,1882,01,43.6,19,Y
IDCJAC0005,086071,1882,02,40.6,26,Y
IDCJAC0005,086071,1882,03,38.9,10,Y
IDCJAC0005,086071,1882,04,29.5,10,Y
IDCJAC0005,086071,1882,05,20.5,04,Y
IDCJAC0005,086071,1882,06,16.7,10,Y
IDCJAC0005,086071,1882,07,17.7,07,Y
IDCJAC0005,086071,1882,08,22.8,24,Y
IDCJAC0005,086071,1882,09,26.1,23,Y
IDCJAC0005,086071,1882,10,30.0,16,Y
IDCJAC0005,086071,1882,11,35.9,09,Y
IDCJAC0005,086071,1882,12,35.7,28,Y
IDCJAC0005,086071,1883,01,40.5,15,Y
IDCJAC0005,086071,1883,02,37.7,16,Y
IDCJAC0005,086071,1883,03,36.7,18,Y
IDCJAC0005,086071,1883,04,29.3,02,Y
IDCJAC0005,086071,1883,05,25.8,05,Y
IDCJAC0005,086071,1883,06,18.4,16,Y
IDCJAC0005,086071,1883,07,16.7,01,Y
IDCJAC0005,086071,1883,08,19.5,26,Y
IDCJAC0005,086071,1883,09,24.5,11,Y
IDCJAC0005,086071,1883,10,30.1,20,Y
IDCJAC0005,086071,1883,11,33.9,23,Y
IDCJAC0005,086071,1883,12,37.3,29,Y
IDCJAC0005,086071,1884,01,36.5,19,Y
IDCJAC0005,086071,1884,02,38.1,13,Y
IDCJAC0005,086071,1884,03,36.1,25,Y
IDCJAC0005,086071,1884,04,31.2,02,Y
IDCJAC0005,086071,1884,05,25.0,09,Y
IDCJAC0005,086071,1884,06,20.1,02,Y
IDCJAC0005,086071,1884,07,18.3,09,Y
IDCJAC0005,086071,1884,08,22.7,30,Y
IDCJAC0005,086071,1884,09,26.1,09,Y
IDCJAC0005,086071,1884,10,30.0,25,Y
IDCJAC0005,086071,1884,11,33.8,20,Y
IDCJAC0005,086071,1884,12,31.8,31,Y
IDCJAC0005,086071,1885,01,36.9,12,Y
IDCJAC0005,086071,1885,02,38.7,05,Y
IDCJAC0005,086071,1885,03,35.1,18,Y
IDCJAC0005,086071,1885,04,28.7,04,Y
IDCJAC0005,086071,1885,05,23.9,02,Y
IDCJAC0005,086071,1885,06,16.7,01,Y
IDCJAC0005,086071,1885,07,16.2,24,Y
IDCJAC0005,086071,1885,08,25.0,20,Y
IDCJAC0005,086071,1885,09,23.9,04,Y
IDCJAC0005,086071,1885,10,35.6,30,Y
IDCJAC0005,086071,1885,11,32.5,25,Y
IDCJAC0005,086071,1885,12,35.1,08,Y
IDCJAC0005,086071,1886,01,37.7,05,Y
IDCJAC0005,086071,1886,02,40.1,19,Y
IDCJAC0005,086071,1886,03,36.7,04,Y
IDCJAC0005,086071,1886,04,32.3,03,Y
IDCJAC0005,086071,1886,05,24.7,08,Y
IDCJAC0005,086071,1886,06,17.3,07,Y
IDCJAC0005,086071,1886,07,18.3,19,Y
IDCJAC0005,086071,1886,08,20.1,09,Y
IDCJAC0005,086071,1886,09,26.1,30,Y
IDCJAC0005,086071,1886,10,24.1,28,Y
IDCJAC0005,086071,1886,11,35.2,24,Y
IDCJAC0005,086071,1886,12,36.0,26,Y
IDCJAC0005,086071,1887,01,40.5,10,Y
IDCJAC0005,086071,1887,02,37.5,09,Y
IDCJAC0005,086071,1887,03,33.9,06,Y
IDCJAC0005,086071,1887,04,32.5,02,Y
IDCJAC0005,086071,1887,05,18.9,01,Y
IDCJAC0005,086071,1887,06,18.3,01,Y
IDCJAC0005,086071,1887,07,15.5,25,Y
IDCJAC0005,086071,1887,08,22.3,25,Y
IDCJAC0005,086071,1887,09,22.8,18,Y
IDCJAC0005,086071,1887,10,27.8,26,Y
IDCJAC0005,086071,1887,11,31.8,25,Y
IDCJAC0005,086071,1887,12,34.7,13,Y
IDCJAC0005,086071,1888,01,40.0,15,Y
IDCJAC0005,086071,1888,02,36.2,12,Y
IDCJAC0005,086071,1888,03,34.4,28,Y
IDCJAC0005,086071,1888,04,31.6,06,Y
IDCJAC0005,086071,1888,05,25.6,02,Y
IDCJAC0005,086071,1888,06,19.3,29,Y
IDCJAC0005,086071,1888,07,17.9,01,Y
IDCJAC0005,086071,1888,08,19.5,30,Y
IDCJAC0005,086071,1888,09,26.7,14,Y
IDCJAC0005,086071,1888,10,30.0,13,Y
IDCJAC0005,086071,1888,11,38.9,23,Y
IDCJAC0005,086071,1888,12,35.7,26,Y
IDCJAC0005,086071,1889,01,37.3,23,Y
IDCJAC0005,086071,1889,02,35.5,13,Y
IDCJAC0005,086071,1889,03,35.5,16,Y
IDCJAC0005,086071,1889,04,31.1,02,Y
IDCJAC0005,086071,1889,05,25.6,01,Y
IDCJAC0005,086071,1889,06,18.9,02,Y
IDCJAC0005,086071,1889,07,16.7,31,Y
IDCJAC0005,086071,1889,08,20.0,28,Y
IDCJAC0005,086071,1889,09,23.6,26,Y
IDCJAC0005,086071,1889,10,29.1,14,Y
IDCJAC0005,086071,1889,11,34.0,20,Y
IDCJAC0005,086071,1889,12,37.7,26,Y
IDCJAC0005,086071,1890,01,38.6,25,Y
IDCJAC0005,086071,1890,02,39.7,06,Y
IDCJAC0005,086071,1890,03,34.7,16,Y
IDCJAC0005,086071,1890,04,30.8,07,Y
IDCJAC0005,086071,1890,05,23.1,14,Y
IDCJAC0005,086071,1890,06,18.9,05,Y
IDCJAC0005,086071,1890,07,16.9,18,Y
IDCJAC0005,086071,1890,08,18.7,28,Y
IDCJAC0005,086071,1890,09,23.8,23,Y
IDCJAC0005,086071,1890,10,24.4,07,Y
IDCJAC0005,086071,1890,11,34.7,06,Y
IDCJAC0005,086071,1890,12,31.6,05,Y
IDCJAC0005,086071,1891,01,39.4,04,Y
IDCJAC0005,086071,1891,02,38.1,14,Y
IDCJAC0005,086071,1891,03,37.5,07,Y
IDCJAC0005,086071,1891,04,28.1,06,Y
IDCJAC0005,086071,1891,05,22.6,05,Y
IDCJAC0005,086071,1891,06,15.8,23,Y
IDCJAC0005,086071,1891,07,16.3,08,Y
IDCJAC0005,086071,1891,08,21.2,31,Y
IDCJAC0005,086071,1891,09,25.1,30,Y
IDCJAC0005,086071,1891,10,29.0,24,Y
IDCJAC0005,086071,1891,11,36.1,26,Y
IDCJAC0005,086071,1891,12,38.4,22,Y
IDCJAC0005,086071,1892,01,37.5,22,Y
IDCJAC0005,086071,1892,02,35.8,22,Y
IDCJAC0005,086071,1892,03,40.0,08,Y
IDCJAC0005,086071,1892,04,29.6,02,Y
IDCJAC0005,086071,1892,05,21.2,15,Y
IDCJAC0005,086071,1892,06,17.5,07,Y
IDCJAC0005,086071,1892,07,16.9,31,Y
IDCJAC0005,086071,1892,08,19.3,20,Y
IDCJAC0005,086071,1892,09,21.7,13,Y
IDCJAC0005,086071,1892,10,25.9,11,Y
IDCJAC0005,086071,1892,11,32.7,19,Y
IDCJAC0005,086071,1892,12,33.6,25,Y
IDCJAC0005,086071,1893,01,35.3,26,Y
IDCJAC0005,086071,1893,02,39.5,09,Y
IDCJAC0005,086071,1893,03,40.8,02,Y
IDCJAC0005,086071,1893,04,25.3,11,Y
IDCJAC0005,086071,1893,05,22.5,04,Y
IDCJAC0005,086071,1893,06,16.8,11,Y
IDCJAC0005,086071,1893,07,15.5,23,Y
IDCJAC0005,086071,1893,08,18.6,12,Y
IDCJAC0005,086071,1893,09,27.7,30,Y
IDCJAC0005,086071,1893,10,29.3,08,Y
IDCJAC0005,086071,1893,11,31.3,16,Y
IDCJAC0005,086071,1893,12,37.7,10,Y
IDCJAC0005,086071,1894,01,39.1,21,Y
IDCJAC0005,086071,1894,02,35.6,05,Y
IDCJAC0005,086071,1894,03,33.9,08,Y
IDCJAC0005,086071,1894,04,29.1,15,Y
IDCJAC0005,086071,1894,05,20.5,16,Y
IDCJAC0005,086071,1894,06,16.9,19,Y
IDCJAC0005,086071,1894,07,16.7,28,Y
IDCJAC0005,086071,1894,08,20.9,21,Y
IDCJAC0005,086071,1894,09,21.7,20,Y
IDCJAC0005,086071,1894,10,30.6,23,Y
IDCJAC0005,086071,1894,11,40.9,27,Y
IDCJAC0005,086071,1894,12,33.3,10,Y
IDCJAC0005,086071,1895,01,37.2,24,Y
IDCJAC0005,086071,1895,02,38.1,13,Y
IDCJAC0005,086071,1895,03,35.0,13,Y
IDCJAC0005,086071,1895,04,29.3,19,Y
IDCJAC0005,086071,1895,05,19.1,03,Y
IDCJAC0005,086071,1895,06,18.9,06,Y
IDCJAC0005,086071,1895,07,17.3,18,Y
IDCJAC0005,086071,1895,08,22.7,24,Y
IDCJAC0005,086071,1895,09,24.7,02,Y
IDCJAC0005,086071,1895,10,30.3,12,Y
IDCJAC0005,086071,1895,11,37.1,25,Y
IDCJAC0005,086071,1895,12,37.1,08,Y
IDCJAC0005,086071,1896,01,42.2,23,Y
IDCJAC0005,086071,1896,02,39.3,17,Y
IDCJAC0005,086071,1896,03,35.0,07,Y
IDCJAC0005,086071,1896,04,27.3,20,Y
IDCJAC0005,086071,1896,05,22.3,01,Y
IDCJAC0005,086071,1896,06,16.9,10,Y
IDCJAC0005,086071,1896,07,16.1,03,Y
IDCJAC0005,086071,1896,08,19.5,22,Y
IDCJAC0005,086071,1896,09,24.3,11,Y
IDCJAC0005,086071,1896,10,31.9,28,Y
IDCJAC0005,086071,1896,11,36.3,23,Y
IDCJAC0005,086071,1896,12,37.1,23,Y
IDCJAC0005,086071,1897,01,39.0,07,Y
IDCJAC0005,086071,1897,02,35.3,18,Y
IDCJAC0005,086071,1897,03,32.0,13,Y
IDCJAC0005,086071,1897,04,29.1,17,Y
IDCJAC0005,086071,1897,05,21.6,12,Y
IDCJAC0005,086071,1897,06,19.8,18,Y
IDCJAC0005,086071,1897,07,18.9,30,Y
IDCJAC0005,086071,1897,08,20.9,27,Y
IDCJAC0005,086071,1897,09,27.1,17,Y
IDCJAC0005,086071,1897,10,26.7,27,Y
IDCJAC0005,086071,1897,11,37.2,19,Y
IDCJAC0005,086071,1897,12,41.8,30,Y
IDCJAC0005,086071,1898,01,42.9,11,Y
IDCJAC0005,086071,1898,02,41.9,04,Y
IDCJAC0005,086071,1898,03,35.5,08,Y
IDCJAC0005,086071,1898,04,29.9,01,Y
IDCJAC0005,086071,1898,05,20.7,30,Y
IDCJAC0005,086071,1898,06,19.6,01,Y
IDCJAC0005,086071,1898,07,17.7,14,Y
IDCJAC0005,086071,1898,08,20.6,26,Y
IDCJAC0005,086071,1898,09,22.7,25,Y
IDCJAC0005,086071,1898,10,31.7,26,Y
IDCJAC0005,086071,1898,11,33.1,01,Y
IDCJAC0005,086071,1898,12,43.0,05,Y
IDCJAC0005,086071,1899,01,39.1,09,Y
IDCJAC0005,086071,1899,02,38.7,14,Y
IDCJAC0005,086071,1899,03,36.7,16,Y
IDCJAC0005,086071,1899,04,28.9,01,Y
IDCJAC0005,086071,1899,05,21.1,13,Y
IDCJAC0005,086071,1899,06,17.7,20,Y
IDCJAC0005,086071,1899,07,16.1,12,Y
IDCJAC0005,086071,1899,08,22.1,29,Y
IDCJAC0005,086071,1899,09,25.3,03,Y
IDCJAC0005,086071,1899,10,27.2,31,Y
IDCJAC0005,086071,1899,11,31.4,01,Y
IDCJAC0005,086071,1899,12,40.1,31,Y
IDCJAC0005,086071,1900,01,41.6,28,Y
IDCJAC0005,086071,1900,02,40.0,04,Y
IDCJAC0005,086071,1900,03,32.1,13,Y
IDCJAC0005,086071,1900,04,23.3,08,Y
IDCJAC0005,086071,1900,05,23.1,07,Y
IDCJAC0005,086071,1900,06,19.7,04,Y
IDCJAC0005,086071,1900,07,18.2,29,Y
IDCJAC0005,086071,1900,08,16.6,06,Y
IDCJAC0005,086071,1900,09,23.9,20,Y
IDCJAC0005,086071,1900,10,30.1,17,Y
IDCJAC0005,086071,1900,11,36.3,25,Y
IDCJAC0005,086071,1900,12,40.4,30,Y
IDCJAC0005,086071,1901,01,36.7,19,Y
IDCJAC0005,086071,1901,02,43.1,07,Y
IDCJAC0005,086071,1901,03,39.0,02,Y
IDCJAC0005,086071,1901,04,28.1,09,Y
IDCJAC0005,086071,1901,05,22.7,03,Y
IDCJAC0005,086071,1901,06,15.5,07,Y
IDCJAC0005,086071,1901,07,14.8,07,Y
IDCJAC0005,086071,1901,08,18.3,15,Y
IDCJAC0005,086071,1901,09,24.5,13,Y
IDCJAC0005,086071,1901,10,28.6,19,Y
IDCJAC0005,086071,1901,11,36.1,24,Y
IDCJAC0005,086071,1901,12,39.9,28,Y
IDCJAC0005,086071,1902,01,39.4,31,Y
IDCJAC0005,086071,1902,02,35.1,09,Y
IDCJAC0005,086071,1902,03,35.1,07,Y
IDCJAC0005,086071,1902,04,31.2,19,Y
IDCJAC0005,086071,1902,05,22.1,05,Y
IDCJAC0005,086071,1902,06,15.9,30,Y
IDCJAC0005,086071,1902,07,18.0,05,Y
IDCJAC0005,086071,1902,08,20.3,29,Y
IDCJAC0005,086071,1902,09,26.7,25,Y
IDCJAC0005,086071,1902,10,28.1,02,Y
IDCJAC0005,086071,1902,11,38.5,25,Y
IDCJAC0005,086071,1902,12,38.7,05,Y
IDCJAC0005,086071,1903,01,40.5,31,Y
IDCJAC0005,086071,1903,02,40.2,09,Y
IDCJAC0005,086071,1903,03,37.7,02,Y
IDCJAC0005,086071,1903,04,31.3,10,Y
IDCJAC0005,086071,1903,05,21.7,06,Y
IDCJAC0005,086071,1903,06,15.6,30,Y
IDCJAC0005,086071,1903,07,20.1,01,Y
IDCJAC0005,086071,1903,08,19.9,31,Y
IDCJAC0005,086071,1903,09,26.7,11,Y
IDCJAC0005,086071,1903,10,30.9,11,Y
IDCJAC0005,086071,1903,11,34.3,25,Y
IDCJAC0005,086071,1903,12,35.3,26,Y
IDCJAC0005,086071,1904,01,34.5,09,Y
IDCJAC0005,086071,1904,02,35.9,18,Y
IDCJAC0005,086071,1904,03,26.2,31,Y
IDCJAC0005,086071,1904,04,30.5,07,Y
IDCJAC0005,086071,1904,05,25.4,13,Y
IDCJAC0005,086071,1904,06,18.3,21,Y
IDCJAC0005,086071,1904,07,18.0,23,Y
IDCJAC0005,086071,1904,08,17.1,22,Y
IDCJAC0005,086071,1904,09,20.7,24,Y
IDCJAC0005,086071,1904,10,31.5,31,Y
IDCJAC0005,086071,1904,11,33.4,16,Y
IDCJAC0005,086071,1904,12,38.9,24,Y
IDCJAC0005,086071,1905,01,42.5,13,Y
IDCJAC0005,086071,1905,02,38.7,10,Y
IDCJAC0005,086071,1905,03,35.6,19,Y
IDCJAC0005,086071,1905,04,31.3,07,Y
IDCJAC0005,086071,1905,05,28.7,07,Y
IDCJAC0005,086071,1905,06,16.7,08,Y
IDCJAC0005,086071,1905,07,17.1,21,Y
IDCJAC0005,086071,1905,08,18.6,25,Y
IDCJAC0005,086071,1905,09,21.1,13,Y
IDCJAC0005,086071,1905,10,22.2,16,Y
IDCJAC0005,086071,1905,11,34.1,08,Y
IDCJAC0005,086071,1905,12,37.1,18,Y
IDCJAC0005,086071,1906,01,43.1,23,Y
IDCJAC0005,086071,1906,02,40.6,21,Y
IDCJAC0005,086071,1906,03,32.2,09,Y
IDCJAC0005,086071,1906,04,29.0,09,Y
IDCJAC0005,086071,1906,05,23.7,10,Y
IDCJAC0005,086071,1906,06,20.5,02,Y
IDCJAC0005,086071,1906,07,18.3,12,Y
IDCJAC0005,086071,1906,08,19.7,09,Y
IDCJAC0005,086071,1906,09,24.5,26,Y
IDCJAC0005,086071,1906,10,28.7,28,Y
IDCJAC0005,086071,1906,11,30.7,17,Y
IDCJAC0005,086071,1906,12,36.0,22,Y
IDCJAC0005,086071,1907,01,35.3,18,Y
IDCJAC0005,086071,1907,02,39.9,25,Y
IDCJAC0005,086071,1907,03,31.6,11,Y
IDCJAC0005,086071,1907,04,32.2,04,Y
IDCJAC0005,086071,1907,05,23.2,18,Y
IDCJAC0005,086071,1907,06,22.3,01,Y
IDCJAC0005,086071,1907,07,18.5,26,Y
IDCJAC0005,086071,1907,08,19.3,01,Y
IDCJAC0005,086071,1907,09,27.9,30,Y
IDCJAC0005,086071,1907,10,31.8,29,Y
IDCJAC0005,086071,1907,11,34.9,12,Y
IDCJAC0005,086071,1907,12,40.7,25,Y
IDCJAC0005,086071,1908,01,44.2,17,Y
IDCJAC0005,086071,1908,02,37.0,07,Y
IDCJAC0005,086071,1908,03,35.1,08,Y
IDCJAC0005,086071,1908,04,28.7,07,Y
IDCJAC0005,086071,1908,05,25.1,01,Y
IDCJAC0005,086071,1908,06,19.7,15,Y
IDCJAC0005,086071,1908,07,16.1,19,Y
IDCJAC0005,086071,1908,08,16.5,13,Y
IDCJAC0005,086071,1908,09,22.7,24,Y
IDCJAC0005,086071,1908,10,31.7,06,Y
IDCJAC0005,086071,1908,11,35.0,15,Y
IDCJAC0005,086071,1908,12,35.2,01,Y
IDCJAC0005,086071,1909,01,37.1,28,Y
IDCJAC0005,086071,1909,02,38.6,23,Y
IDCJAC0005,086071,1909,03,33.9,03,Y
IDCJAC0005,086071,1909,04,26.1,12,Y
IDCJAC0005,086071,1909,05,18.5,28,Y
IDCJAC0005,086071,1909,06,18.2,01,Y
IDCJAC0005,086071,1909,07,15.5,25,Y
IDCJAC0005,086071,1909,08,19.7,19,Y
IDCJAC0005,086071,1909,09,23.6,28,Y
IDCJAC0005,086071,1909,10,27.3,23,Y
IDCJAC0005,086071,1909,11,35.7,08,Y
IDCJAC0005,086071,1909,12,39.9,28,Y
IDCJAC0005,086071,1910,01,40.2,25,Y
IDCJAC0005,086071,1910,02,39.1,19,Y
IDCJAC0005,086071,1910,03,34.9,23,Y
IDCJAC0005,086071,1910,04,29.3,25,Y
IDCJAC0005,086071,1910,05,21.6,01,Y
IDCJAC0005,086071,1910,06,19.7,22,Y
IDCJAC0005,086071,1910,07,16.1,12,Y
IDCJAC0005,086071,1910,08,19.2,29,Y
IDCJAC0005,086071,1910,09,23.9,24,Y
IDCJAC0005,086071,1910,10,28.7,24,Y
IDCJAC0005,086071,1910,11,32.5,17,Y
IDCJAC0005,086071,1910,12,34.9,29,Y
IDCJAC0005,086071,1911,01,35.9,05,Y
IDCJAC0005,086071,1911,02,32.3,08,Y
IDCJAC0005,086071,1911,03,31.3,05,Y
IDCJAC0005,086071,1911,04,28.2,04,Y
IDCJAC0005,086071,1911,05,25.1,06,Y
IDCJAC0005,086071,1911,06,16.2,17,Y
IDCJAC0005,086071,1911,07,17.2,16,Y
IDCJAC0005,086071,1911,08,22.3,31,Y
IDCJAC0005,086071,1911,09,24.3,27,Y
IDCJAC0005,086071,1911,10,29.9,30,Y
IDCJAC0005,086071,1911,11,40.7,30,Y
IDCJAC0005,086071,1911,12,30.3,07,Y
IDCJAC0005,086071,1912,01,39.3,14,Y
IDCJAC0005,086071,1912,02,41.3,01,Y
IDCJAC0005,086071,1912,03,34.3,04,Y
IDCJAC0005,086071,1912,04,26.9,16,Y
IDCJAC0005,086071,1912,05,23.9,08,Y
IDCJAC0005,086071,1912,06,18.7,05,Y
IDCJAC0005,086071,1912,07,17.3,01,Y
IDCJAC0005,086071,1912,08,22.0,21,Y
IDCJAC0005,086071,1912,09,27.3,29,Y
IDCJAC0005,086071,1912,10,32.4,30,Y
IDCJAC0005,086071,1912,11,37.5,14,Y
IDCJAC0005,086071,1912,12,38.9,22,Y
IDCJAC0005,086071,1913,01,38.6,13,Y
IDCJAC0005,086071,1913,02,40.7,04,Y
IDCJAC0005,086071,1913,03,35.3,03,Y
IDCJAC0005,086071,1913,04,28.6,12,Y
IDCJAC0005,086071,1913,05,21.1,01,Y
IDCJAC0005,086071,1913,06,16.4,29,Y
IDCJAC0005,086071,1913,07,17.3,13,Y
IDCJAC0005,086071,1913,08,18.7,29,Y
IDCJAC0005,086071,1913,09,21.1,12,Y
IDCJAC0005,086071,1913,10,31.3,10,Y
IDCJAC0005,086071,1913,11,31.7,29,Y
IDCJAC0005,086071,1913,12,37.7,29,Y
IDCJAC0005,086071,1914,01,36.6,07,Y
IDCJAC0005,086071,1914,02,41.1,17,Y
IDCJAC0005,086071,1914,03,35.3,11,Y
IDCJAC0005,086071,1914,04,28.9,09,Y
IDCJAC0005,086071,1914,05,24.0,11,Y
IDCJAC0005,086071,1914,06,18.3,06,Y
IDCJAC0005,086071,1914,07,18.5,25,Y
IDCJAC0005,086071,1914,08,22.5,27,Y
IDCJAC0005,086071,1914,09,26.8,06,Y
IDCJAC0005,086071,1914,10,36.9,24,Y
IDCJAC0005,086071,1914,11,34.3,16,Y
IDCJAC0005,086071,1914,12,31.5,25,Y
IDCJAC0005,086071,1915,01,39.8,16,Y
IDCJAC0005,086071,1915,02,39.9,15,Y
IDCJAC0005,086071,1915,03,34.1,24,Y
IDCJAC0005,086071,1915,04,27.2,08,Y
IDCJAC0005,086071,1915,05,24.4,01,Y
IDCJAC0005,086071,1915,06,18.3,02,Y
IDCJAC0005,086071,1915,07,17.7,27,Y
IDCJAC0005,086071,1915,08,19.0,21,Y
IDCJAC0005,086071,1915,09,23.3,23,Y
IDCJAC0005,086071,1915,10,29.3,11,Y
IDCJAC0005,086071,1915,11,33.5,09,Y
IDCJAC0005,086071,1915,12,38.3,28,Y
IDCJAC0005,086071,1916,01,40.1,16,Y
IDCJAC0005,086071,1916,02,38.4,18,Y
IDCJAC0005,086071,1916,03,32.9,21,Y
IDCJAC0005,086071,1916,04,26.7,19,Y
IDCJAC0005,086071,1916,05,23.9,10,Y
IDCJAC0005,086071,1916,06,19.2,01,Y
IDCJAC0005,086071,1916,07,16.8,25,Y
IDCJAC0005,086071,1916,08,19.2,26,Y
IDCJAC0005,086071,1916,09,27.5,20,Y
IDCJAC0005,086071,1916,10,24.1,08,Y
IDCJAC0005,086071,1916,11,29.7,20,Y
IDCJAC0005,086071,1916,12,35.9,27,Y
IDCJAC0005,086071,1917,01,37.9,19,Y
IDCJAC0005,086071,1917,02,35.5,13,Y
IDCJAC0005,086071,1917,03,29.4,13,Y
IDCJAC0005,086071,1917,04,25.5,24,Y
IDCJAC0005,086071,1917,05,22.1,04,Y
IDCJAC0005,086071,1917,06,19.4,04,Y
IDCJAC0005,086071,1917,07,17.2,25,Y
IDCJAC0005,086071,1917,08,19.7,28,Y
IDCJAC0005,086071,1917,09,22.3,30,Y
IDCJAC0005,086071,1917,10,26.1,19,Y
IDCJAC0005,086071,1917,11,29.1,29,Y
IDCJAC0005,086071,1917,12,38.3,22,Y
IDCJAC0005,086071,1918,01,37.1,25,Y
IDCJAC0005,086071,1918,02,37.1,11,Y
IDCJAC0005,086071,1918,03,31.0,23,Y
IDCJAC0005,086071,1918,04,24.7,11,Y
IDCJAC0005,086071,1918,05,24.3,10,Y
IDCJAC0005,086071,1918,06,18.4,02,Y
IDCJAC0005,086071,1918,07,16.5,05,Y
IDCJAC0005,086071,1918,08,18.3,21,Y
IDCJAC0005,086071,1918,09,27.3,26,Y
IDCJAC0005,086071,1918,10,26.2,19,Y
IDCJAC0005,086071,1918,11,34.4,23,Y
IDCJAC0005,086071,1918,12,38.3,23,Y
IDCJAC0005,086071,1919,01,38.8,02,Y
IDCJAC0005,086071,1919,02,41.4,15,Y
IDCJAC0005,086071,1919,03,34.5,03,Y
IDCJAC0005,086071,1919,04,28.6,25,Y
IDCJAC0005,086071,1919,05,25.4,05,Y
IDCJAC0005,086071,1919,06,19.5,01,Y
IDCJAC0005,086071,1919,07,16.6,25,Y
IDCJAC0005,086071,1919,08,23.3,31,Y
IDCJAC0005,086071,1919,09,29.4,19,Y
IDCJAC0005,086071,1919,10,34.7,30,Y
IDCJAC0005,086071,1919,11,34.9,27,Y
IDCJAC0005,086071,1919,12,39.0,21,Y
IDCJAC0005,086071,1920,01,36.0,31,Y
IDCJAC0005,086071,1920,02,40.5,16,Y
IDCJAC0005,086071,1920,03,36.7,13,Y
IDCJAC0005,086071,1920,04,31.3,01,Y
IDCJAC0005,086071,1920,05,19.5,31,Y
IDCJAC0005,086071,1920,06,17.9,29,Y
IDCJAC0005,086071,1920,07,19.5,28,Y
IDCJAC0005,086071,1920,08,19.4,22,Y
IDCJAC0005,086071,1920,09,22.4,29,Y
IDCJAC0005,086071,1920,10,30.0,31,Y
IDCJAC0005,086071,1920,11,30.9,08,Y
IDCJAC0005,086071,1920,12,41.0,23,Y
IDCJAC0005,086071,1921,01,41.9,24,Y
IDCJAC0005,086071,1921,02,38.8,01,Y
IDCJAC0005,086071,1921,03,35.0,24,Y
IDCJAC0005,086071,1921,04,27.7,14,Y
IDCJAC0005,086071,1921,05,27.1,05,Y
IDCJAC0005,086071,1921,06,18.1,11,Y
IDCJAC0005,086071,1921,07,19.0,11,Y
IDCJAC0005,086071,1921,08,19.5,21,Y
IDCJAC0005,086071,1921,09,23.8,06,Y
IDCJAC0005,086071,1921,10,30.1,30,Y
IDCJAC0005,086071,1921,11,37.7,18,Y
IDCJAC0005,086071,1921,12,30.7,12,Y
IDCJAC0005,086071,1922,01,38.1,22,Y
IDCJAC0005,086071,1922,02,40.3,16,Y
IDCJAC0005,086071,1922,03,35.0,18,Y
IDCJAC0005,086071,1922,04,34.4,17,Y
IDCJAC0005,086071,1922,05,25.3,01,Y
IDCJAC0005,086071,1922,06,19.6,17,Y
IDCJAC0005,086071,1922,07,18.9,31,Y
IDCJAC0005,086071,1922,08,17.9,01,Y
IDCJAC0005,086071,1922,09,24.2,25,Y
IDCJAC0005,086071,1922,10,35.8,22,Y
IDCJAC0005,086071,1922,11,35.3,13,Y
IDCJAC0005,086071,1922,12,36.1,08,Y
IDCJAC0005,086071,1923,01,38.2,14,Y
IDCJAC0005,086071,1923,02,41.1,22,Y
IDCJAC0005,086071,1923,03,34.0,27,Y
IDCJAC0005,086071,1923,04,30.4,03,Y
IDCJAC0005,086071,1923,05,24.7,05,Y
IDCJAC0005,086071,1923,06,18.7,02,Y
IDCJAC0005,086071,1923,07,18.1,27,Y
IDCJAC0005,086071,1923,08,20.7,27,Y
IDCJAC0005,086071,1923,09,23.1,26,Y
IDCJAC0005,086071,1923,10,28.8,29,Y
IDCJAC0005,086071,1923,11,38.3,26,Y
IDCJAC0005,086071,1923,12,37.5,30,Y
IDCJAC0005,086071,1924,01,40.1,15,Y
IDCJAC0005,086071,1924,02,33.7,02,Y
IDCJAC0005,086071,1924,03,32.5,04,Y
IDCJAC0005,086071,1924,04,27.2,01,Y
IDCJAC0005,086071,1924,05,20.8,04,Y
IDCJAC0005,086071,1924,06,15.5,13,Y
IDCJAC0005,086071,1924,07,16.1,02,Y
IDCJAC0005,086071,1924,08,21.2,22,Y
IDCJAC0005,086071,1924,09,24.4,19,Y
IDCJAC0005,086071,1924,10,27.0,14,Y
IDCJAC0005,086071,1924,11,30.4,29,Y
IDCJAC0005,086071,1924,12,40.1,12,Y
IDCJAC0005,086071,1925,01,36.1,27,Y
IDCJAC0005,086071,1925,02,31.5,11,Y
IDCJAC0005,086071,1925,03,32.7,16,Y
IDCJAC0005,086071,1925,04,31.2,06,Y
IDCJAC0005,086071,1925,05,23.3,08,Y
IDCJAC0005,086071,1925,06,18.1,08,Y
IDCJAC0005,086071,1925,07,16.1,02,Y
IDCJAC0005,086071,1925,08,19.9,17,Y
IDCJAC0005,086071,1925,09,24.4,11,Y
IDCJAC0005,086071,1925,10,35.3,28,Y
IDCJAC0005,086071,1925,11,35.9,28,Y
IDCJAC0005,086071,1925,12,38.3,05,Y
IDCJAC0005,086071,1926,01,40.0,31,Y
IDCJAC0005,086071,1926,02,39.9,14,Y
IDCJAC0005,086071,1926,03,38.1,09,Y
IDCJAC0005,086071,1926,04,29.9,10,Y
IDCJAC0005,086071,1926,05,17.7,19,Y
IDCJAC0005,086071,1926,06,18.7,21,Y
IDCJAC0005,086071,1926,07,20.7,22,Y
IDCJAC0005,086071,1926,08,18.9,18,Y
IDCJAC0005,086071,1926,09,29.1,22,Y
IDCJAC0005,086071,1926,10,28.4,17,Y
IDCJAC0005,086071,1926,11,38.3,28,Y
IDCJAC0005,086071,1926,12,36.7,03,Y
IDCJAC0005,086071,1927,01,40.9,14,Y
IDCJAC0005,086071,1927,02,38.4,11,Y
IDCJAC0005,086071,1927,03,35.2,02,Y
IDCJAC0005,086071,1927,04,27.8,04,Y
IDCJAC0005,086071,1927,05,22.9,09,Y
IDCJAC0005,086071,1927,06,18.1,05,Y
IDCJAC0005,086071,1927,07,15.7,01,Y
IDCJAC0005,086071,1927,08,21.0,26,Y
IDCJAC0005,086071,1927,09,24.7,14,Y
IDCJAC0005,086071,1927,10,33.4,18,Y
IDCJAC0005,086071,1927,11,38.9,10,Y
IDCJAC0005,086071,1927,12,38.9,24,Y
IDCJAC0005,086071,1928,01,40.0,11,Y
IDCJAC0005,086071,1928,02,36.9,11,Y
IDCJAC0005,086071,1928,03,36.5,06,Y
IDCJAC0005,086071,1928,04,28.9,03,Y
IDCJAC0005,086071,1928,05,21.7,09,Y
IDCJAC0005,086071,1928,06,18.8,03,Y
IDCJAC0005,086071,1928,07,17.2,07,Y
IDCJAC0005,086071,1928,08,21.1,29,Y
IDCJAC0005,086071,1928,09,31.4,28,Y
IDCJAC0005,086071,1928,10,25.1,30,Y
IDCJAC0005,086071,1928,11,34.4,29,Y
IDCJAC0005,086071,1928,12,37.2,13,Y
IDCJAC0005,086071,1929,01,38.3,24,Y
IDCJAC0005,086071,1929,02,35.0,09,Y
IDCJAC0005,086071,1929,03,36.1,12,Y
IDCJAC0005,086071,1929,04,26.5,17,Y
IDCJAC0005,086071,1929,05,22.3,05,Y
IDCJAC0005,086071,1929,06,17.7,03,Y
IDCJAC0005,086071,1929,07,17.3,02,Y
IDCJAC0005,086071,1929,08,19.9,20,Y
IDCJAC0005,086071,1929,09,22.8,26,Y
IDCJAC0005,086071,1929,10,28.3,06,Y
IDCJAC0005,086071,1929,11,30.9,01,Y
IDCJAC0005,086071,1929,12,36.1,25,Y
IDCJAC0005,086071,1930,01,39.3,23,Y
IDCJAC0005,086071,1930,02,39.7,09,Y
IDCJAC0005,086071,1930,03,37.4,02,Y
IDCJAC0005,086071,1930,04,28.0,17,Y
IDCJAC0005,086071,1930,05,24.2,07,Y
IDCJAC0005,086071,1930,06,20.0,28,Y
IDCJAC0005,086071,1930,07,16.9,17,Y
IDCJAC0005,086071,1930,08,20.9,27,Y
IDCJAC0005,086071,1930,09,26.1,21,Y
IDCJAC0005,086071,1930,10,29.5,03,Y
IDCJAC0005,086071,1930,11,31.8,20,Y
IDCJAC0005,086071,1930,12,34.1,04,Y
IDCJAC0005,086071,1931,01,32.7,22,Y
IDCJAC0005,086071,1931,02,37.1,18,Y
IDCJAC0005,086071,1931,03,35.3,12,Y
IDCJAC0005,086071,1931,04,25.1,12,Y
IDCJAC0005,086071,1931,05,22.7,13,Y
IDCJAC0005,086071,1931,06,16.2,29,Y
IDCJAC0005,086071,1931,07,17.8,25,Y
IDCJAC0005,086071,1931,08,17.9,05,Y
IDCJAC0005,086071,1931,09,25.7,23,Y
IDCJAC0005,086071,1931,10,29.7,15,Y
IDCJAC0005,086071,1931,11,32.7,13,Y
IDCJAC0005,086071,1931,12,40.2,30,Y
IDCJAC0005,086071,1932,01,42.7,19,Y
IDCJAC0005,086071,1932,02,33.9,04,Y
IDCJAC0005,086071,1932,03,34.9,02,Y
IDCJAC0005,086071,1932,04,25.7,09,Y
IDCJAC0005,086071,1932,05,21.2,05,Y
IDCJAC0005,086071,1932,06,20.2,02,Y
IDCJAC0005,086071,1932,07,16.5,20,Y
IDCJAC0005,086071,1932,08,19.4,26,Y
IDCJAC0005,086071,1932,09,22.7,11,Y
IDCJAC0005,086071,1932,10,29.4,30,Y
IDCJAC0005,086071,1932,11,36.8,27,Y
IDCJAC0005,086071,1932,12,34.4,11,Y
IDCJAC0005,086071,1933,01,35.7,10,Y
IDCJAC0005,086071,1933,02,37.3,27,Y
IDCJAC0005,086071,1933,03,33.2,12,Y
IDCJAC0005,086071,1933,04,30.0,10,Y
IDCJAC0005,086071,1933,05,20.9,08,Y
IDCJAC0005,086071,1933,06,18.8,05,Y
IDCJAC0005,086071,1933,07,19.1,09,Y
IDCJAC0005,086071,1933,08,21.3,28,Y
IDCJAC0005,086071,1933,09,21.7,28,Y
IDCJAC0005,086071,1933,10,35.7,23,Y
IDCJAC0005,086071,1933,11,30.9,01,Y
IDCJAC0005,086071,1933,12,32.2,29,Y
IDCJAC0005,086071,1934,01,39.1,23,Y
IDCJAC0005,086071,1934,02,38.8,08,Y
IDCJAC0005,086071,1934,03,39.7,10,Y
IDCJAC0005,086071,1934,04,30.0,02,Y
IDCJAC0005,086071,1934,05,24.3,21,Y
IDCJAC0005,086071,1934,06,18.1,22,Y
IDCJAC0005,086071,1934,07,20.6,16,Y
IDCJAC0005,086071,1934,08,24.6,28,Y
IDCJAC0005,086071,1934,09,25.7,18,Y
IDCJAC0005,086071,1934,10,27.4,30,Y
IDCJAC0005,086071,1934,11,32.1,28,Y
IDCJAC0005,086071,1934,12,35.2,17,Y
IDCJAC0005,086071,1935,01,39.8,22,Y
IDCJAC0005,086071,1935,02,34.7,27,Y
IDCJAC0005,086071,1935,03,32.2,09,Y
IDCJAC0005,086071,1935,04,31.5,06,Y
IDCJAC0005,086071,1935,05,21.0,08,Y
IDCJAC0005,086071,1935,06,19.7,06,Y
IDCJAC0005,086071,1935,07,17.5,10,Y
IDCJAC0005,086071,1935,08,22.1,24,Y
IDCJAC0005,086071,1935,09,23.3,28,Y
IDCJAC0005,086071,1935,10,30.3,08,Y
IDCJAC0005,086071,1935,11,35.5,26,Y
IDCJAC0005,086071,1935,12,36.7,10,Y
IDCJAC0005,086071,1936,01,40.9,23,Y
IDCJAC0005,086071,1936,02,33.8,26,Y
IDCJAC0005,086071,1936,03,34.4,31,Y
IDCJAC0005,086071,1936,04,26.7,01,Y
IDCJAC0005,086071,1936,05,24.7,02,Y
IDCJAC0005,086071,1936,06,16.3,05,Y
IDCJAC0005,086071,1936,07,18.2,24,Y
IDCJAC0005,086071,1936,08,21.1,07,Y
IDCJAC0005,086071,1936,09,23.2,30,Y
IDCJAC0005,086071,1936,10,27.2,23,Y
IDCJAC0005,086071,1936,11,35.5,05,Y
IDCJAC0005,086071,1936,12,32.1,09,Y
IDCJAC0005,086071,1937,01,37.3,18,Y
IDCJAC0005,086071,1937,02,35.2,26,Y
IDCJAC0005,086071,1937,03,33.4,13,Y
IDCJAC0005,086071,1937,04,28.5,05,Y
IDCJAC0005,086071,1937,05,23.1,04,Y
IDCJAC0005,086071,1937,06,16.1,28,Y
IDCJAC0005,086071,1937,07,16.7,15,Y
IDCJAC0005,086071,1937,08,22.8,31,Y
IDCJAC0005,086071,1937,09,23.9,27,Y
IDCJAC0005,086071,1937,10,29.1,29,Y
IDCJAC0005,086071,1937,11,37.4,27,Y
IDCJAC0005,086071,1937,12,35.6,22,Y
IDCJAC0005,086071,1938,01,39.4,01,Y
IDCJAC0005,086071,1938,02,39.4,03,Y
IDCJAC0005,086071,1938,03,36.0,24,Y
IDCJAC0005,086071,1938,04,34.9,05,Y
IDCJAC0005,086071,1938,05,26.0,15,Y
IDCJAC0005,086071,1938,06,17.0,13,Y
IDCJAC0005,086071,1938,07,16.2,22,Y
IDCJAC0005,086071,1938,08,21.7,23,Y
IDCJAC0005,086071,1938,09,24.6,25,Y
IDCJAC0005,086071,1938,10,30.5,17,Y
IDCJAC0005,086071,1938,11,37.4,20,Y
IDCJAC0005,086071,1938,12,36.3,22,Y
IDCJAC0005,086071,1939,01,45.6,13,Y
IDCJAC0005,086071,1939,02,41.5,13,Y
IDCJAC0005,086071,1939,03,31.1,04,Y
IDCJAC0005,086071,1939,04,27.7,04,Y
IDCJAC0005,086071,1939,05,23.3,09,Y
IDCJAC0005,086071,1939,06,16.6,25,Y
IDCJAC0005,086071,1939,07,18.4,30,Y
IDCJAC0005,086071,1939,08,19.3,27,Y
IDCJAC0005,086071,1939,09,24.1,08,Y
IDCJAC0005,086071,1939,10,29.5,30,Y
IDCJAC0005,086071,1939,11,32.3,26,Y
IDCJAC0005,086071,1939,12,38.5,28,Y
IDCJAC0005,086071,1940,01,39.8,03,Y
IDCJAC0005,086071,1940,02,38.1,14,Y
IDCJAC0005,086071,1940,03,41.7,11,Y
IDCJAC0005,086071,1940,04,26.8,11,Y
IDCJAC0005,086071,1940,05,18.8,28,Y
IDCJAC0005,086071,1940,06,19.7,15,Y
IDCJAC0005,086071,1940,07,17.3,07,Y
IDCJAC0005,086071,1940,08,24.0,25,Y
IDCJAC0005,086071,1940,09,26.4,18,Y
IDCJAC0005,086071,1940,10,35.2,14,Y
IDCJAC0005,086071,1940,11,34.3,20,Y
IDCJAC0005,086071,1940,12,39.8,27,Y
IDCJAC0005,086071,1941,01,36.1,22,Y
IDCJAC0005,086071,1941,02,38.3,22,Y
IDCJAC0005,086071,1941,03,31.7,31,Y
IDCJAC0005,086071,1941,04,33.4,02,Y
IDCJAC0005,086071,1941,05,24.6,07,Y
IDCJAC0005,086071,1941,06,17.7,07,Y
IDCJAC0005,086071,1941,07,18.1,31,Y
IDCJAC0005,086071,1941,08,22.8,31,Y
IDCJAC0005,086071,1941,09,24.5,27,Y
IDCJAC0005,086071,1941,10,26.7,19,Y
IDCJAC0005,086071,1941,11,33.5,29,Y
IDCJAC0005,086071,1941,12,40.9,26,Y
IDCJAC0005,086071,1942,01,38.5,04,Y
IDCJAC0005,086071,1942,02,37.1,08,Y
IDCJAC0005,086071,1942,03,40.4,04,Y
IDCJAC0005,086071,1942,04,26.1,27,Y
IDCJAC0005,086071,1942,05,24.2,02,Y
IDCJAC0005,086071,1942,06,19.2,07,Y
IDCJAC0005,086071,1942,07,16.3,02,Y
IDCJAC0005,086071,1942,08,20.7,20,Y
IDCJAC0005,086071,1942,09,25.2,30,Y
IDCJAC0005,086071,1942,10,30.9,28,Y
IDCJAC0005,086071,1942,11,30.7,13,Y
IDCJAC0005,086071,1942,12,38.8,22,Y
IDCJAC0005,086071,1943,01,41.9,31,Y
IDCJAC0005,086071,1943,02,37.2,09,Y
IDCJAC0005,086071,1943,03,36.9,11,Y
IDCJAC0005,086071,1943,04,30.0,01,Y
IDCJAC0005,086071,1943,05,21.0,09,Y
IDCJAC0005,086071,1943,06,16.2,05,Y
IDCJAC0005,086071,1943,07,17.9,03,Y
IDCJAC0005,086071,1943,08,17.4,25,Y
IDCJAC0005,086071,1943,09,24.1,08,Y
IDCJAC0005,086071,1943,10,26.9,29,Y
IDCJAC0005,086071,1943,11,31.7,17,Y
IDCJAC0005,086071,1943,12,39.5,31,Y
IDCJAC0005,086071,1944,01,40.2,22,Y
IDCJAC0005,086071,1944,02,36.3,06,Y
IDCJAC0005,086071,1944,03,34.0,08,Y
IDCJAC0005,086071,1944,04,30.6,08,Y
IDCJAC0005,086071,1944,05,20.1,20,Y
IDCJAC0005,086071,1944,06,17.1,10,Y
IDCJAC0005,086071,1944,07,18.3,28,Y
IDCJAC0005,086071,1944,08,20.1,25,Y
IDCJAC0005,086071,1944,09,29.7,30,Y
IDCJAC0005,086071,1944,10,32.1,08,Y
IDCJAC0005,086071,1944,11,35.1,18,Y
IDCJAC0005,086071,1944,12,36.9,05,Y
IDCJAC0005,086071,1945,01,38.4,24,Y
IDCJAC0005,086071,1945,02,35.3,08,Y
IDCJAC0005,086071,1945,03,32.7,22,Y
IDCJAC0005,086071,1945,04,26.9,20,Y
IDCJAC0005,086071,1945,05,22.1,05,Y
IDCJAC0005,086071,1945,06,18.9,03,Y
IDCJAC0005,086071,1945,07,16.3,29,Y
IDCJAC0005,086071,1945,08,19.4,20,Y
IDCJAC0005,086071,1945,09,22.5,18,Y
IDCJAC0005,086071,1945,10,30.1,23,Y
IDCJAC0005,086071,1945,11,34.1,24,Y
IDCJAC0005,086071,1945,12,40.1,26,Y
IDCJAC0005,086071,1946,01,40.9,31,Y
IDCJAC0005,086071,1946,02,39.9,07,Y
IDCJAC0005,086071,1946,03,31.1,04,Y
IDCJAC0005,086071,1946,04,23.1,20,Y
IDCJAC0005,086071,1946,05,22.7,10,Y
IDCJAC0005,086071,1946,06,14.9,09,Y
IDCJAC0005,086071,1946,07,17.2,08,Y
IDCJAC0005,086071,1946,08,18.2,11,Y
IDCJAC0005,086071,1946,09,21.7,11,Y
IDCJAC0005,086071,1946,10,29.1,12,Y
IDCJAC0005,086071,1946,11,34.0,05,Y
IDCJAC0005,086071,1946,12,40.0,20,Y
IDCJAC0005,086071,1947,01,39.3,26,Y
IDCJAC0005,086071,1947,02,36.4,02,Y
IDCJAC0005,086071,1947,03,36.7,11,Y
IDCJAC0005,086071,1947,04,30.3,09,Y
IDCJAC0005,086071,1947,05,24.5,05,Y
IDCJAC0005,086071,1947,06,18.9,16,Y
IDCJAC0005,086071,1947,07,16.5,09,Y
IDCJAC0005,086071,1947,08,19.0,07,Y
IDCJAC0005,086071,1947,09,24.5,27,Y
IDCJAC0005,086071,1947,10,29.1,19,Y
IDCJAC0005,086071,1947,11,32.3,19,Y
IDCJAC0005,086071,1947,12,36.7,30,Y
IDCJAC0005,086071,1948,01,40.1,22,Y
IDCJAC0005,086071,1948,02,40.2,12,Y
IDCJAC0005,086071,1948,03,32.3,25,Y
IDCJAC0005,086071,1948,04,29.5,09,Y
IDCJAC0005,086071,1948,05,23.7,01,Y
IDCJAC0005,086071,1948,06,17.4,09,Y
IDCJAC0005,086071,1948,07,14.7,28,Y
IDCJAC0005,086071,1948,08,20.3,28,Y
IDCJAC0005,086071,1948,09,26.5,26,Y
IDCJAC0005,086071,1948,10,30.0,25,Y
IDCJAC0005,086071,1948,11,31.9,16,Y
IDCJAC0005,086071,1948,12,36.5,25,Y
IDCJAC0005,086071,1949,01,37.7,29,Y
IDCJAC0005,086071,1949,02,31.3,05,Y
IDCJAC0005,086071,1949,03,35.7,04,Y
IDCJAC0005,086071,1949,04,26.9,07,Y
IDCJAC0005,086071,1949,05,22.3,01,Y
IDCJAC0005,086071,1949,06,14.9,16,Y
IDCJAC0005,086071,1949,07,16.5,05,Y
IDCJAC0005,086071,1949,08,20.7,30,Y
IDCJAC0005,086071,1949,09,25.7,30,Y
IDCJAC0005,086071,1949,10,26.9,21,Y
IDCJAC0005,086071,1949,11,29.6,16,Y
IDCJAC0005,086071,1949,12,32.5,30,Y
IDCJAC0005,086071,1950,01,38.7,13,Y
IDCJAC0005,086071,1950,02,37.0,25,Y
IDCJAC0005,086071,1950,03,31.3,03,Y
IDCJAC0005,086071,1950,04,24.9,28,Y
IDCJAC0005,086071,1950,05,23.3,03,Y
IDCJAC0005,086071,1950,06,16.5,01,Y
IDCJAC0005,086071,1950,07,18.9,20,Y
IDCJAC0005,086071,1950,08,19.0,16,Y
IDCJAC0005,086071,1950,09,24.5,14,Y
IDCJAC0005,086071,1950,10,25.9,11,Y
IDCJAC0005,086071,1950,11,32.3,27,Y
IDCJAC0005,086071,1950,12,38.5,18,Y
IDCJAC0005,086071,1951,01,40.1,12,Y
IDCJAC0005,086071,1951,02,39.5,16,Y
IDCJAC0005,086071,1951,03,34.5,13,Y
IDCJAC0005,086071,1951,04,27.1,01,Y
IDCJAC0005,086071,1951,05,21.8,05,Y
IDCJAC0005,086071,1951,06,18.4,13,Y
IDCJAC0005,086071,1951,07,17.4,26,Y
IDCJAC0005,086071,1951,08,17.7,25,Y
IDCJAC0005,086071,1951,09,27.7,17,Y
IDCJAC0005,086071,1951,10,26.5,28,Y
IDCJAC0005,086071,1951,11,31.3,22,Y
IDCJAC0005,086071,1951,12,38.1,27,Y
IDCJAC0005,086071,1952,01,43.1,23,Y
IDCJAC0005,086071,1952,02,38.3,05,Y
IDCJAC0005,086071,1952,03,34.2,28,Y
IDCJAC0005,086071,1952,04,27.9,06,Y
IDCJAC0005,086071,1952,05,22.2,07,Y
IDCJAC0005,086071,1952,06,17.9,04,Y
IDCJAC0005,086071,1952,07,17.8,28,Y
IDCJAC0005,086071,1952,08,18.4,10,Y
IDCJAC0005,086071,1952,09,25.3,29,Y
IDCJAC0005,086071,1952,10,27.9,15,Y
IDCJAC0005,086071,1952,11,30.2,25,Y
IDCJAC0005,086071,1952,12,36.7,25,Y
IDCJAC0005,086071,1953,01,33.7,13,Y
IDCJAC0005,086071,1953,02,37.3,25,Y
IDCJAC0005,086071,1953,03,38.5,09,Y
IDCJAC0005,086071,1953,04,30.5,12,Y
IDCJAC0005,086071,1953,05,23.8,11,Y
IDCJAC0005,086071,1953,06,17.3,11,Y
IDCJAC0005,086071,1953,07,16.8,30,Y
IDCJAC0005,086071,1953,08,20.8,31,Y
IDCJAC0005,086071,1953,09,22.7,08,Y
IDCJAC0005,086071,1953,10,28.2,28,Y
IDCJAC0005,086071,1953,11,32.2,21,Y
IDCJAC0005,086071,1953,12,42.1,20,Y
IDCJAC0005,086071,1954,01,38.5,26,Y
IDCJAC0005,086071,1954,02,34.8,08,Y
IDCJAC0005,086071,1954,03,34.1,03,Y
IDCJAC0005,086071,1954,04,33.5,02,Y
IDCJAC0005,086071,1954,05,20.5,30,Y
IDCJAC0005,086071,1954,06,21.1,01,Y
IDCJAC0005,086071,1954,07,18.5,30,Y
IDCJAC0005,086071,1954,08,20.3,21,Y
IDCJAC0005,086071,1954,09,26.0,30,Y
IDCJAC0005,086071,1954,10,30.1,06,Y
IDCJAC0005,086071,1954,11,37.3,28,Y
IDCJAC0005,086071,1954,12,37.7,26,Y
IDCJAC0005,086071,1955,01,40.6,02,Y
IDCJAC0005,086071,1955,02,36.8,05,Y
IDCJAC0005,086071,1955,03,32.7,22,Y
IDCJAC0005,086071,1955,04,30.6,11,Y
IDCJAC0005,086071,1955,05,22.2,01,Y
IDCJAC0005,086071,1955,06,18.4,11,Y
IDCJAC0005,086071,1955,07,16.9,27,Y
IDCJAC0005,086071,1955,08,20.7,28,Y
IDCJAC0005,086071,1955,09,22.8,14,Y
IDCJAC0005,086071,1955,10,27.2,17,Y
IDCJAC0005,086071,1955,11,31.7,22,Y
IDCJAC0005,086071,1955,12,36.6,09,Y
IDCJAC0005,086071,1956,01,36.1,08,Y
IDCJAC0005,086071,1956,02,38.3,22,Y
IDCJAC0005,086071,1956,03,31.2,01,Y
IDCJAC0005,086071,1956,04,29.8,03,Y
IDCJAC0005,086071,1956,05,19.3,10,Y
IDCJAC0005,086071,1956,06,17.3,14,Y
IDCJAC0005,086071,1956,07,17.1,28,Y
IDCJAC0005,086071,1956,08,18.1,30,Y
IDCJAC0005,086071,1956,09,24.4,26,Y
IDCJAC0005,086071,1956,10,25.0,13,Y
IDCJAC0005,086071,1956,11,31.1,24,Y
IDCJAC0005,086071,1956,12,30.9,06,Y
IDCJAC0005,086071,1957,01,39.4,30,Y
IDCJAC0005,086071,1957,02,36.0,14,Y
IDCJAC0005,086071,1957,03,34.2,08,Y
IDCJAC0005,086071,1957,04,29.9,09,Y
IDCJAC0005,086071,1957,05,24.4,10,Y
IDCJAC0005,086071,1957,06,22.4,02,Y
IDCJAC0005,086071,1957,07,16.5,17,Y
IDCJAC0005,086071,1957,08,19.0,29,Y
IDCJAC0005,086071,1957,09,25.5,13,Y
IDCJAC0005,086071,1957,10,31.1,20,Y
IDCJAC0005,086071,1957,11,33.6,02,Y
IDCJAC0005,086071,1957,12,36.1,28,Y
IDCJAC0005,086071,1958,01,38.4,09,Y
IDCJAC0005,086071,1958,02,38.7,26,Y
IDCJAC0005,086071,1958,03,32.8,19,Y
IDCJAC0005,086071,1958,04,32.4,05,Y
IDCJAC0005,086071,1958,05,23.2,01,Y
IDCJAC0005,086071,1958,06,19.9,04,Y
IDCJAC0005,086071,1958,07,17.6,29,Y
IDCJAC0005,086071,1958,08,20.8,12,Y
IDCJAC0005,086071,1958,09,23.2,10,Y
IDCJAC0005,086071,1958,10,23.9,28,Y
IDCJAC0005,086071,1958,11,34.1,27,Y
IDCJAC0005,086071,1958,12,31.4,05,Y
IDCJAC0005,086071,1959,01,42.8,19,Y
IDCJAC0005,086071,1959,02,40.6,02,Y
IDCJAC0005,086071,1959,03,31.7,21,Y
IDCJAC0005,086071,1959,04,29.3,22,Y
IDCJAC0005,086071,1959,05,23.4,05,Y
IDCJAC0005,086071,1959,06,19.1,23,Y
IDCJAC0005,086071,1959,07,16.2,19,Y
IDCJAC0005,086071,1959,08,20.6,21,Y
IDCJAC0005,086071,1959,09,25.2,11,Y
IDCJAC0005,086071,1959,10,30.0,30,Y
IDCJAC0005,086071,1959,11,35.4,27,Y
IDCJAC0005,086071,1959,12,34.2,15,Y
IDCJAC0005,086071,1960,01,40.6,16,Y
IDCJAC0005,086071,1960,02,36.7,10,Y
IDCJAC0005,086071,1960,03,33.2,30,Y
IDCJAC0005,086071,1960,04,28.0,06,Y
IDCJAC0005,086071,1960,05,21.4,26,Y
IDCJAC0005,086071,1960,06,17.1,07,Y
IDCJAC0005,086071,1960,07,20.1,30,Y
IDCJAC0005,086071,1960,08,18.3,26,Y
IDCJAC0005,086071,1960,09,25.8,23,Y
IDCJAC0005,086071,1960,10,30.3,29,Y
IDCJAC0005,086071,1960,11,30.6,28,Y
IDCJAC0005,086071,1960,12,39.4,30,Y
IDCJAC0005,086071,1961,01,41.7,28,Y
IDCJAC0005,086071,1961,02,37.1,22,Y
IDCJAC0005,086071,1961,03,33.6,18,Y
IDCJAC0005,086071,1961,04,29.9,09,Y
IDCJAC0005,086071,1961,05,22.2,17,Y
IDCJAC0005,086071,1961,06,20.2,12,Y
IDCJAC0005,086071,1961,07,18.1,11,Y
IDCJAC0005,086071,1961,08,20.2,14,Y
IDCJAC0005,086071,1961,09,31.1,30,Y
IDCJAC0005,086071,1961,10,32.8,31,Y
IDCJAC0005,086071,1961,11,34.3,05,Y
IDCJAC0005,086071,1961,12,38.9,27,Y
IDCJAC0005,086071,1962,01,40.0,16,Y
IDCJAC0005,086071,1962,02,39.6,07,Y
IDCJAC0005,086071,1962,03,34.2,08,Y
IDCJAC0005,086071,1962,04,31.6,26,Y
IDCJAC0005,086071,1962,05,20.7,14,Y
IDCJAC0005,086071,1962,06,19.4,08,Y
IDCJAC0005,086071,1962,07,17.9,22,Y
IDCJAC0005,086071,1962,08,20.7,27,Y
IDCJAC0005,086071,1962,09,25.1,04,Y
IDCJAC0005,086071,1962,10,27.5,27,Y
IDCJAC0005,086071,1962,11,37.2,30,Y
IDCJAC0005,086071,1962,12,39.8,01,Y
IDCJAC0005,086071,1963,01,36.9,21,Y
IDCJAC0005,086071,1963,02,36.7,28,Y
IDCJAC0005,086071,1963,03,32.3,13,Y
IDCJAC0005,086071,1963,04,28.0,07,Y
IDCJAC0005,086071,1963,05,23.7,15,Y
IDCJAC0005,086071,1963,06,19.2,13,Y
IDCJAC0005,086071,1963,07,16.8,27,Y
IDCJAC0005,086071,1963,08,21.9,21,Y
IDCJAC0005,086071,1963,09,24.3,22,Y
IDCJAC0005,086071,1963,10,30.2,24,Y
IDCJAC0005,086071,1963,11,33.2,21,Y
IDCJAC0005,086071,1963,12,37.2,20,Y
IDCJAC0005,086071,1964,01,39.6,31,Y
IDCJAC0005,086071,1964,02,39.4,04,Y
IDCJAC0005,086071,1964,03,35.0,18,Y
IDCJAC0005,086071,1964,04,32.1,06,Y
IDCJAC0005,086071,1964,05,22.1,10,Y
IDCJAC0005,086071,1964,06,18.2,25,Y
IDCJAC0005,086071,1964,07,15.8,08,Y
IDCJAC0005,086071,1964,08,19.4,26,Y
IDCJAC0005,086071,1964,09,24.7,03,Y
IDCJAC0005,086071,1964,10,25.7,28,Y
IDCJAC0005,086071,1964,11,34.6,25,Y
IDCJAC0005,086071,1964,12,32.3,20,Y
IDCJAC0005,086071,1965,01,41.6,17,Y
IDCJAC0005,086071,1965,02,37.8,15,Y
IDCJAC0005,086071,1965,03,39.7,03,Y
IDCJAC0005,086071,1965,04,24.4,15,Y
IDCJAC0005,086071,1965,05,23.0,10,Y
IDCJAC0005,086071,1965,06,18.5,04,Y
IDCJAC0005,086071,1965,07,17.0,03,Y
IDCJAC0005,086071,1965,08,21.8,31,Y
IDCJAC0005,086071,1965,09,28.5,26,Y
IDCJAC0005,086071,1965,10,34.4,30,Y
IDCJAC0005,086071,1965,11,32.9,20,Y
IDCJAC0005,086071,1965,12,38.7,23,Y
IDCJAC0005,086071,1966,01,39.3,26,Y
IDCJAC0005,086071,1966,02,30.1,23,Y
IDCJAC0005,086071,1966,03,38.9,08,Y
IDCJAC0005,086071,1966,04,29.3,12,Y
IDCJAC0005,086071,1966,05,24.3,04,Y
IDCJAC0005,086071,1966,06,16.1,30,Y
IDCJAC0005,086071,1966,07,16.4,01,Y
IDCJAC0005,086071,1966,08,20.0,31,Y
IDCJAC0005,086071,1966,09,26.1,29,Y
IDCJAC0005,086071,1966,10,26.9,24,Y
IDCJAC0005,086071,1966,11,38.9,23,Y
IDCJAC0005,086071,1966,12,34.9,11,Y
IDCJAC0005,086071,1967,01,38.3,09,Y
IDCJAC0005,086071,1967,02,40.7,06,Y
IDCJAC0005,086071,1967,03,32.4,17,Y
IDCJAC0005,086071,1967,04,32.0,18,Y
IDCJAC0005,086071,1967,05,26.6,04,Y
IDCJAC0005,086071,1967,06,18.6,09,Y
IDCJAC0005,086071,1967,07,17.8,27,Y
IDCJAC0005,086071,1967,08,17.3,07,Y
IDCJAC0005,086071,1967,09,24.7,25,Y
IDCJAC0005,086071,1967,10,30.4,27,Y
IDCJAC0005,086071,1967,11,37.7,13,Y
IDCJAC0005,086071,1967,12,37.3,10,Y
IDCJAC0005,086071,1968,01,43.7,31,Y
IDCJAC0005,086071,1968,02,41.4,24,Y
IDCJAC0005,086071,1968,03,36.7,17,Y
IDCJAC0005,086071,1968,04,33.4,11,Y
IDCJAC0005,086071,1968,05,19.6,07,Y
IDCJAC0005,086071,1968,06,18.4,12,Y
IDCJAC0005,086071,1968,07,15.2,20,Y
IDCJAC0005,086071,1968,08,21.1,27,Y
IDCJAC0005,086071,1968,09,21.4,28,Y
IDCJAC0005,086071,1968,10,29.4,16,Y
IDCJAC0005,086071,1968,11,32.9,17,Y
IDCJAC0005,086071,1968,12,36.7,14,Y
IDCJAC0005,086071,1969,01,38.7,08,Y
IDCJAC0005,086071,1969,02,36.3,20,Y
IDCJAC0005,086071,1969,03,33.2,11,Y
IDCJAC0005,086071,1969,04,30.4,10,Y
IDCJAC0005,086071,1969,05,21.2,11,Y
IDCJAC0005,086071,1969,06,16.7,25,Y
IDCJAC0005,086071,1969,07,19.2,19,Y
IDCJAC0005,086071,1969,08,23.3,26,Y
IDCJAC0005,086071,1969,09,22.8,27,Y
IDCJAC0005,086071,1969,10,28.2,25,Y
IDCJAC0005,086071,1969,11,32.1,23,Y
IDCJAC0005,086071,1969,12,38.2,28,Y
IDCJAC0005,086071,1970,01,34.4,29,Y
IDCJAC0005,086071,1970,02,36.4,08,Y
IDCJAC0005,086071,1970,03,32.8,04,Y
IDCJAC0005,086071,1970,04,27.2,18,Y
IDCJAC0005,086071,1970,05,20.4,01,Y
IDCJAC0005,086071,1970,06,17.1,29,Y
IDCJAC0005,086071,1970,07,17.1,24,Y
IDCJAC0005,086071,1970,08,20.2,23,Y
IDCJAC0005,086071,1970,09,20.4,08,Y
IDCJAC0005,086071,1970,10,28.6,04,Y
IDCJAC0005,086071,1970,11,30.9,09,Y
IDCJAC0005,086071,1970,12,37.3,03,Y
IDCJAC0005,086071,1971,01,38.7,08,Y
IDCJAC0005,086071,1971,02,36.4,18,Y
IDCJAC0005,086071,1971,03,33.2,25,Y
IDCJAC0005,086071,1971,04,28.2,02,Y
IDCJAC0005,086071,1971,05,21.5,18,Y
IDCJAC0005,086071,1971,06,16.9,12,Y
IDCJAC0005,086071,1971,07,16.1,20,Y
IDCJAC0005,086071,1971,08,19.9,23,Y
IDCJAC0005,086071,1971,09,22.8,19,Y
IDCJAC0005,086071,1971,10,28.2,30,Y
IDCJAC0005,086071,1971,11,29.2,05,Y
IDCJAC0005,086071,1971,12,34.4,22,Y
IDCJAC0005,086071,1972,01,32.7,17,Y
IDCJAC0005,086071,1972,02,37.2,01,Y
IDCJAC0005,086071,1972,03,32.9,01,Y
IDCJAC0005,086071,1972,04,28.9,08,Y
IDCJAC0005,086071,1972,05,27.7,02,Y
IDCJAC0005,086071,1972,06,19.6,08,Y
IDCJAC0005,086071,1972,07,17.6,17,Y
IDCJAC0005,086071,1972,08,22.9,28,Y
IDCJAC0005,086071,1972,09,26.8,05,Y
IDCJAC0005,086071,1972,10,28.3,29,Y
IDCJAC0005,086071,1972,11,32.3,09,Y
IDCJAC0005,086071,1972,12,39.9,20,Y
IDCJAC0005,086071,1973,01,40.5,20,Y
IDCJAC0005,086071,1973,02,37.1,02,Y
IDCJAC0005,086071,1973,03,31.0,17,Y
IDCJAC0005,086071,1973,04,28.0,04,Y
IDCJAC0005,086071,1973,05,21.2,06,Y
IDCJAC0005,086071,1973,06,17.9,19,Y
IDCJAC0005,086071,1973,07,17.1,15,Y
IDCJAC0005,086071,1973,08,20.4,06,Y
IDCJAC0005,086071,1973,09,25.2,28,Y
IDCJAC0005,086071,1973,10,27.6,25,Y
IDCJAC0005,086071,1973,11,28.6,17,Y
IDCJAC0005,086071,1973,12,36.3,29,Y
IDCJAC0005,086071,1974,01,35.5,20,Y
IDCJAC0005,086071,1974,02,32.3,11,Y
IDCJAC0005,086071,1974,03,36.5,03,Y
IDCJAC0005,086071,1974,04,23.5,26,Y
IDCJAC0005,086071,1974,05,23.8,07,Y
IDCJAC0005,086071,1974,06,19.2,03,Y
IDCJAC0005,086071,1974,07,17.3,18,Y
IDCJAC0005,086071,1974,08,19.2,23,Y
IDCJAC0005,086071,1974,09,21.2,29,Y
IDCJAC0005,086071,1974,10,26.3,30,Y
IDCJAC0005,086071,1974,11,32.3,21,Y
IDCJAC0005,086071,1974,12,32.8,23,Y
IDCJAC0005,086071,1975,01,36.2,20,Y
IDCJAC0005,086071,1975,02,39.6,06,Y
IDCJAC0005,086071,1975,03,32.6,14,Y
IDCJAC0005,086071,1975,04,27.0,15,Y
IDCJAC0005,086071,1975,05,26.7,21,Y
IDCJAC0005,086071,1975,06,17.1,26,Y
IDCJAC0005,086071,1975,07,23.1,30,Y
IDCJAC0005,086071,1975,08,18.1,10,Y
IDCJAC0005,086071,1975,09,24.3,12,Y
IDCJAC0005,086071,1975,10,28.9,29,Y
IDCJAC0005,086071,1975,11,33.6,28,Y
IDCJAC0005,086071,1975,12,39.0,11,Y
IDCJAC0005,086071,1976,01,40.6,04,Y
IDCJAC0005,086071,1976,02,38.1,17,Y
IDCJAC0005,086071,1976,03,33.5,15,Y
IDCJAC0005,086071,1976,04,28.6,15,Y
IDCJAC0005,086071,1976,05,23.5,03,Y
IDCJAC0005,086071,1976,06,19.8,25,Y
IDCJAC0005,086071,1976,07,18.5,25,Y
IDCJAC0005,086071,1976,08,22.4,22,Y
IDCJAC0005,086071,1976,09,24.0,19,Y
IDCJAC0005,086071,1976,10,24.9,31,Y
IDCJAC0005,086071,1976,11,32.3,12,Y
IDCJAC0005,086071,1976,12,38.3,22,Y
IDCJAC0005,086071,1977,01,34.8,31,Y
IDCJAC0005,086071,1977,02,40.3,17,Y
IDCJAC0005,086071,1977,03,33.4,11,Y
IDCJAC0005,086071,1977,04,29.8,05,Y
IDCJAC0005,086071,1977,05,21.9,04,Y
IDCJAC0005,086071,1977,06,15.7,07,Y
IDCJAC0005,086071,1977,07,15.6,06,Y
IDCJAC0005,086071,1977,08,22.6,26,Y
IDCJAC0005,086071,1977,09,23.5,26,Y
IDCJAC0005,086071,1977,10,34.5,28,Y
IDCJAC0005,086071,1977,11,35.6,26,Y
IDCJAC0005,086071,1977,12,33.0,22,Y
IDCJAC0005,086071,1978,01,37.9,14,Y
IDCJAC0005,086071,1978,02,36.4,03,Y
IDCJAC0005,086071,1978,03,38.1,11,Y
IDCJAC0005,086071,1978,04,29.0,05,Y
IDCJAC0005,086071,1978,05,25.7,08,Y
IDCJAC0005,086071,1978,06,16.7,07,Y
IDCJAC0005,086071,1978,07,17.9,19,Y
IDCJAC0005,086071,1978,08,19.9,30,Y
IDCJAC0005,086071,1978,09,21.9,25,Y
IDCJAC0005,086071,1978,10,29.7,25,Y
IDCJAC0005,086071,1978,11,35.7,26,Y
IDCJAC0005,086071,1978,12,30.1,11,Y
IDCJAC0005,086071,1979,01,38.8,05,Y
IDCJAC0005,086071,1979,02,41.3,02,Y
IDCJAC0005,086071,1979,03,34.3,11,Y
IDCJAC0005,086071,1979,04,26.0,16,Y
IDCJAC0005,086071,1979,05,22.9,01,Y
IDCJAC0005,086071,1979,06,18.2,07,Y
IDCJAC0005,086071,1979,07,15.9,08,Y
IDCJAC0005,086071,1979,08,19.0,25,Y
IDCJAC0005,086071,1979,09,24.5,26,Y
IDCJAC0005,086071,1979,10,29.3,21,Y
IDCJAC0005,086071,1979,11,30.1,19,Y
IDCJAC0005,086071,1979,12,38.6,30,Y
IDCJAC0005,086071,1980,01,34.0,17,Y
IDCJAC0005,086071,1980,02,40.4,20,Y
IDCJAC0005,086071,1980,03,35.2,18,Y
IDCJAC0005,086071,1980,04,31.9,14,Y
IDCJAC0005,086071,1980,05,25.7,08,Y
IDCJAC0005,086071,1980,06,17.2,25,Y
IDCJAC0005,086071,1980,07,18.1,26,Y
IDCJAC0005,086071,1980,08,23.2,30,Y
IDCJAC0005,086071,1980,09,28.1,30,Y
IDCJAC0005,086071,1980,10,28.9,22,Y
IDCJAC0005,086071,1980,11,37.9,13,Y
IDCJAC0005,086071,1980,12,41.4,10,Y
IDCJAC0005,086071,1981,01,41.8,26,Y
IDCJAC0005,086071,1981,02,39.3,15,Y
IDCJAC0005,086071,1981,03,34.2,01,Y
IDCJAC0005,086071,1981,04,30.3,03,Y
IDCJAC0005,086071,1981,05,25.2,05,Y
IDCJAC0005,086071,1981,06,17.7,01,Y
IDCJAC0005,086071,1981,07,18.2,19,Y
IDCJAC0005,086071,1981,08,19.2,20,Y
IDCJAC0005,086071,1981,09,26.9,17,Y
IDCJAC0005,086071,1981,10,32.2,27,Y
IDCJAC0005,086071,1981,11,34.3,27,Y
IDCJAC0005,086071,1981,12,36.2,17,Y
IDCJAC0005,086071,1982,01,43.3,24,Y
IDCJAC0005,086071,1982,02,40.3,07,Y
IDCJAC0005,086071,1982,03,34.7,04,Y
IDCJAC0005,086071,1982,04,30.0,14,Y
IDCJAC0005,086071,1982,05,22.9,04,Y
IDCJAC0005,086071,1982,06,16.9,12,Y
IDCJAC0005,086071,1982,07,17.0,27,Y
IDCJAC0005,086071,1982,08,26.5,29,Y
IDCJAC0005,086071,1982,09,24.3,17,Y
IDCJAC0005,086071,1982,10,33.0,26,Y
IDCJAC0005,086071,1982,11,38.1,24,Y
IDCJAC0005,086071,1982,12,35.8,31,Y
IDCJAC0005,086071,1983,01,38.6,31,Y
IDCJAC0005,086071,1983,02,43.2,08,Y
IDCJAC0005,086071,1983,03,37.2,04,Y
IDCJAC0005,086071,1983,04,24.6,21,Y
IDCJAC0005,086071,1983,05,21.2,13,Y
IDCJAC0005,086071,1983,06,19.1,21,Y
IDCJAC0005,086071,1983,07,17.2,26,Y
IDCJAC0005,086071,1983,08,20.2,24,Y
IDCJAC0005,086071,1983,09,20.8,28,Y
IDCJAC0005,086071,1983,10,25.3,27,Y
IDCJAC0005,086071,1983,11,31.3,14,Y
IDCJAC0005,086071,1983,12,38.7,20,Y
IDCJAC0005,086071,1984,01,32.3,05,Y
IDCJAC0005,086071,1984,02,35.0,27,Y
IDCJAC0005,086071,1984,03,33.8,06,Y
IDCJAC0005,086071,1984,04,25.4,11,Y
IDCJAC0005,086071,1984,05,23.5,02,Y
IDCJAC0005,086071,1984,06,20.0,07,Y
IDCJAC0005,086071,1984,07,16.0,31,Y
IDCJAC0005,086071,1984,08,19.6,31,Y
IDCJAC0005,086071,1984,09,22.2,10,Y
IDCJAC0005,086071,1984,10,28.4,24,Y
IDCJAC0005,086071,1984,11,32.9,18,Y
IDCJAC0005,086071,1984,12,30.3,30,Y
IDCJAC0005,086071,1985,01,42.2,14,Y
IDCJAC0005,086071,1985,02,37.1,03,Y
IDCJAC0005,086071,1985,03,36.1,13,Y
IDCJAC0005,086071,1985,04,33.8,13,Y
IDCJAC0005,086071,1985,05,25.5,05,Y
IDCJAC0005,086071,1985,06,19.3,29,Y
IDCJAC0005,086071,1985,07,19.4,01,Y
IDCJAC0005,086071,1985,08,19.8,14,Y
IDCJAC0005,086071,1985,09,25.1,24,Y
IDCJAC0005,086071,1985,10,26.6,04,Y
IDCJAC0005,086071,1985,11,30.3,10,Y
IDCJAC0005,086071,1985,12,32.7,29,Y
IDCJAC0005,086071,1986,01,35.5,29,Y
IDCJAC0005,086071,1986,02,38.3,08,Y
IDCJAC0005,086071,1986,03,38.0,06,Y
IDCJAC0005,086071,1986,04,30.7,04,Y
IDCJAC0005,086071,1986,05,21.7,12,Y
IDCJAC0005,086071,1986,06,16.8,16,Y
IDCJAC0005,086071,1986,07,16.4,15,Y
IDCJAC0005,086071,1986,08,21.0,22,Y
IDCJAC0005,086071,1986,09,23.4,30,Y
IDCJAC0005,086071,1986,10,27.0,30,Y
IDCJAC0005,086071,1986,11,33.1,05,Y
IDCJAC0005,086071,1986,12,35.0,30,Y
IDCJAC0005,086071,1987,01,37.8,31,Y
IDCJAC0005,086071,1987,02,40.0,07,Y
IDCJAC0005,086071,1987,03,33.8,16,Y
IDCJAC0005,086071,1987,04,29.7,06,Y
IDCJAC0005,086071,1987,05,23.3,10,Y
IDCJAC0005,086071,1987,06,20.3,10,Y
IDCJAC0005,086071,1987,07,18.0,07,Y
IDCJAC0005,086071,1987,08,19.0,26,Y
IDCJAC0005,086071,1987,09,30.7,26,Y
IDCJAC0005,086071,1987,10,32.7,31,Y
IDCJAC0005,086071,1987,11,36.1,02,Y
IDCJAC0005,086071,1987,12,32.5,15,Y
IDCJAC0005,086071,1988,01,40.4,07,Y
IDCJAC0005,086071,1988,02,37.4,26,Y
IDCJAC0005,086071,1988,03,36.3,02,Y
IDCJAC0005,086071,1988,04,26.0,18,Y
IDCJAC0005,086071,1988,05,25.5,06,Y
IDCJAC0005,086071,1988,06,20.3,03,Y
IDCJAC0005,086071,1988,07,17.3,07,Y
IDCJAC0005,086071,1988,08,22.2,31,Y
IDCJAC0005,086071,1988,09,24.6,23,Y
IDCJAC0005,086071,1988,10,29.0,26,Y
IDCJAC0005,086071,1988,11,36.1,02,Y
IDCJAC0005,086071,1988,12,36.8,24,Y
IDCJAC0005,086071,1989,01,36.6,29,Y
IDCJAC0005,086071,1989,02,38.8,18,Y
IDCJAC0005,086071,1989,03,38.4,02,Y
IDCJAC0005,086071,1989,04,28.5,04,Y
IDCJAC0005,086071,1989,05,23.4,09,Y
IDCJAC0005,086071,1989,06,18.2,17,Y
IDCJAC0005,086071,1989,07,19.6,29,Y
IDCJAC0005,086071,1989,08,18.5,18,Y
IDCJAC0005,086071,1989,09,25.3,29,Y
IDCJAC0005,086071,1989,10,29.7,18,Y
IDCJAC0005,086071,1989,11,35.5,23,Y
IDCJAC0005,086071,1989,12,35.2,25,Y
IDCJAC0005,086071,1990,01,36.6,24,Y
IDCJAC0005,086071,1990,02,35.8,16,Y
IDCJAC0005,086071,1990,03,32.6,26,Y
IDCJAC0005,086071,1990,04,28.8,04,Y
IDCJAC0005,086071,1990,05,23.1,04,Y
IDCJAC0005,086071,1990,06,19.0,08,Y
IDCJAC0005,086071,1990,07,19.2,16,Y
IDCJAC0005,086071,1990,08,17.8,30,Y
IDCJAC0005,086071,1990,09,24.3,24,Y
IDCJAC0005,086071,1990,10,33.7,29,Y
IDCJAC0005,086071,1990,11,32.6,07,Y
IDCJAC0005,086071,1990,12,39.4,31,Y
IDCJAC0005,086071,1991,01,41.6,03,Y
IDCJAC0005,086071,1991,02,40.8,25,Y
IDCJAC0005,086071,1991,03,41.0,07,Y
IDCJAC0005,086071,1991,04,28.7,09,Y
IDCJAC0005,086071,1991,05,21.7,06,Y
IDCJAC0005,086071,1991,06,19.4,06,Y
IDCJAC0005,086071,1991,07,17.6,03,Y
IDCJAC0005,086071,1991,08,18.1,05,Y
IDCJAC0005,086071,1991,09,24.0,07,Y
IDCJAC0005,086071,1991,10,32.5,05,Y
IDCJAC0005,086071,1991,11,36.8,25,Y
IDCJAC0005,086071,1991,12,35.6,26,Y
IDCJAC0005,086071,1992,01,39.4,20,Y
IDCJAC0005,086071,1992,02,34.5,17,Y
IDCJAC0005,086071,1992,03,35.2,10,Y
IDCJAC0005,086071,1992,04,30.6,03,Y
IDCJAC0005,086071,1992,05,24.3,07,Y
IDCJAC0005,086071,1992,06,17.7,30,Y
IDCJAC0005,086071,1992,07,18.4,03,Y
IDCJAC0005,086071,1992,08,17.6,16,Y
IDCJAC0005,086071,1992,09,19.1,27,Y
IDCJAC0005,086071,1992,10,29.8,29,Y
IDCJAC0005,086071,1992,11,29.7,20,Y
IDCJAC0005,086071,1992,12,32.2,11,Y
IDCJAC0005,086071,1993,01,39.9,15,Y
IDCJAC0005,086071,1993,02,41.3,03,Y
IDCJAC0005,086071,1993,03,30.4,15,Y
IDCJAC0005,086071,1993,04,29.3,21,Y
IDCJAC0005,086071,1993,05,25.8,01,Y
IDCJAC0005,086071,1993,06,16.7,21,Y
IDCJAC0005,086071,1993,07,18.3,14,Y
IDCJAC0005,086071,1993,08,22.2,23,Y
IDCJAC0005,086071,1993,09,25.6,28,Y
IDCJAC0005,086071,1993,10,25.5,08,Y
IDCJAC0005,086071,1993,11,32.9,17,Y
IDCJAC0005,086071,1993,12,32.8,11,Y
IDCJAC0005,086071,1994,01,41.0,26,Y
IDCJAC0005,086071,1994,02,34.0,08,Y
IDCJAC0005,086071,1994,03,29.6,31,Y
IDCJAC0005,086071,1994,04,29.0,05,Y
IDCJAC0005,086071,1994,05,22.3,06,Y
IDCJAC0005,086071,1994,06,19.7,02,Y
IDCJAC0005,086071,1994,07,21.7,07,Y
IDCJAC0005,086071,1994,08,22.3,27,Y
IDCJAC0005,086071,1994,09,23.1,01,Y
IDCJAC0005,086071,1994,10,33.7,16,Y
IDCJAC0005,086071,1994,11,34.1,19,Y
IDCJAC0005,086071,1994,12,39.1,06,Y
IDCJAC0005,086071,1995,01,37.3,13,Y
IDCJAC0005,086071,1995,02,40.2,25,Y
IDCJAC0005,086071,1995,03,35.0,07,Y
IDCJAC0005,086071,1995,04,24.5,15,Y
IDCJAC0005,086071,1995,05,23.7,12,Y
IDCJAC0005,086071,1995,06,18.7,08,Y
IDCJAC0005,086071,1995,07,15.3,15,Y
IDCJAC0005,086071,1995,08,24.2,25,Y
IDCJAC0005,086071,1995,09,22.7,18,Y
IDCJAC0005,086071,1995,10,32.6,19,Y
IDCJAC0005,086071,1995,11,31.5,26,Y
IDCJAC0005,086071,1995,12,32.4,03,Y
IDCJAC0005,086071,1996,01,39.2,14,Y
IDCJAC0005,086071,1996,02,36.5,07,Y
IDCJAC0005,086071,1996,03,32.3,25,Y
IDCJAC0005,086071,1996,04,26.6,06,Y
IDCJAC0005,086071,1996,05,23.2,01,Y
IDCJAC0005,086071,1996,06,17.9,20,Y
IDCJAC0005,086071,1996,07,17.1,28,Y
IDCJAC0005,086071,1996,08,19.7,25,Y
IDCJAC0005,086071,1996,09,28.1,16,Y
IDCJAC0005,086071,1996,10,31.2,11,Y
IDCJAC0005,086071,1996,11,31.6,25,Y
IDCJAC0005,086071,1996,12,35.0,21,Y
IDCJAC0005,086071,1997,01,41.2,20,Y
IDCJAC0005,086071,1997,02,40.9,05,Y
IDCJAC0005,086071,1997,03,30.8,07,Y
IDCJAC0005,086071,1997,04,30.2,13,Y
IDCJAC0005,086071,1997,05,24.8,01,Y
IDCJAC0005,086071,1997,06,19.6,05,Y
IDCJAC0005,086071,1997,07,19.0,26,Y
IDCJAC0005,086071,1997,08,19.8,29,Y
IDCJAC0005,086071,1997,09,21.0,13,Y
IDCJAC0005,086071,1997,10,32.8,26,Y
IDCJAC0005,086071,1997,11,40.3,26,Y
IDCJAC0005,086071,1997,12,33.7,21,Y
IDCJAC0005,086071,1998,01,41.6,17,Y
IDCJAC0005,086071,1998,02,42.3,26,Y
IDCJAC0005,086071,1998,03,39.7,12,Y
IDCJAC0005,086071,1998,04,30.8,07,Y
IDCJAC0005,086071,1998,05,23.4,14,Y
IDCJAC0005,086071,1998,06,20.8,05,Y
IDCJAC0005,086071,1998,07,16.2,05,Y
IDCJAC0005,086071,1998,08,20.4,20,Y
IDCJAC0005,086071,1998,09,29.1,28,Y
IDCJAC0005,086071,1998,10,31.8,01,Y
IDCJAC0005,086071,1998,11,30.7,26,Y
IDCJAC0005,086071,1998,12,41.9,11,Y
IDCJAC0005,086071,1999,01,37.8,15,Y
IDCJAC0005,086071,1999,02,36.9,04,Y
IDCJAC0005,086071,1999,03,31.2,06,Y
IDCJAC0005,086071,1999,04,25.7,04,Y
IDCJAC0005,086071,1999,05,23.8,07,Y
IDCJAC0005,086071,1999,06,19.3,06,Y
IDCJAC0005,086071,1999,07,18.3,10,Y
IDCJAC0005,086071,1999,08,23.3,31,Y
IDCJAC0005,086071,1999,09,26.8,27,Y
IDCJAC0005,086071,1999,10,27.5,14,Y
IDCJAC0005,086071,1999,11,34.4,30,Y
IDCJAC0005,086071,1999,12,37.2,02,Y
IDCJAC0005,086071,2000,01,35.4,18,Y
IDCJAC0005,086071,2000,02,40.2,03,Y
IDCJAC0005,086071,2000,03,36.8,02,Y
IDCJAC0005,086071,2000,04,27.4,09,Y
IDCJAC0005,086071,2000,05,21.5,10,Y
IDCJAC0005,086071,2000,06,17.0,24,Y
IDCJAC0005,086071,2000,07,17.5,23,Y
IDCJAC0005,086071,2000,08,19.4,04,Y
IDCJAC0005,086071,2000,09,23.4,28,Y
IDCJAC0005,086071,2000,10,27.0,22,Y
IDCJAC0005,086071,2000,11,36.2,28,Y
IDCJAC0005,086071,2000,12,38.6,21,Y
IDCJAC0005,086071,2001,01,40.7,11,Y
IDCJAC0005,086071,2001,02,38.2,03,Y
IDCJAC0005,086071,2001,03,34.6,09,Y
IDCJAC0005,086071,2001,04,28.4,16,Y
IDCJAC0005,086071,2001,05,22.7,14,Y
IDCJAC0005,086071,2001,06,20.9,05,Y
IDCJAC0005,086071,2001,07,18.3,10,Y
IDCJAC0005,086071,2001,08,19.9,14,Y
IDCJAC0005,086071,2001,09,28.3,30,Y
IDCJAC0005,086071,2001,10,27.3,22,Y
IDCJAC0005,086071,2001,11,28.4,04,Y
IDCJAC0005,086071,2001,12,35.5,29,Y
IDCJAC0005,086071,2002,01,37.3,26,Y
IDCJAC0005,086071,2002,02,36.4,14,Y
IDCJAC0005,086071,2002,03,35.0,18,Y
IDCJAC0005,086071,2002,04,30.4,03,Y
IDCJAC0005,086071,2002,05,28.1,07,Y
IDCJAC0005,086071,2002,06,18.9,06,Y
IDCJAC0005,086071,2002,07,19.0,31,Y
IDCJAC0005,086071,2002,08,19.6,28,Y
IDCJAC0005,086071,2002,09,28.5,15,Y
IDCJAC0005,086071,2002,10,29.9,18,Y
IDCJAC0005,086071,2002,11,34.1,23,Y
IDCJAC0005,086071,2002,12,36.3,15,Y
IDCJAC0005,086071,2003,01,44.1,25,Y
IDCJAC0005,086071,2003,02,35.6,24,Y
IDCJAC0005,086071,2003,03,33.7,18,Y
IDCJAC0005,086071,2003,04,27.8,07,Y
IDCJAC0005,086071,2003,05,25.1,07,Y
IDCJAC0005,086071,2003,06,19.7,02,Y
IDCJAC0005,086071,2003,07,17.4,09,Y
IDCJAC0005,086071,2003,08,17.4,05,Y
IDCJAC0005,086071,2003,09,22.3,22,Y
IDCJAC0005,086071,2003,10,27.3,18,Y
IDCJAC0005,086071,2003,11,39.1,15,Y
IDCJAC0005,086071,2003,12,40.3,30,Y
IDCJAC0005,086071,2004,01,36.5,20,Y
IDCJAC0005,086071,2004,02,40.4,14,Y
IDCJAC0005,086071,2004,03,34.8,04,Y
IDCJAC0005,086071,2004,04,32.5,14,Y
IDCJAC0005,086071,2004,05,21.7,24,Y
IDCJAC0005,086071,2004,06,20.2,08,Y
IDCJAC0005,086071,2004,07,17.6,10,Y
IDCJAC0005,086071,2004,08,22.9,28,Y
IDCJAC0005,086071,2004,09,24.6,21,Y
IDCJAC0005,086071,2004,10,32.5,12,Y
IDCJAC0005,086071,2004,11,35.8,26,Y
IDCJAC0005,086071,2004,12,37.2,23,Y
IDCJAC0005,086071,2005,01,38.8,11,Y
IDCJAC0005,086071,2005,02,36.0,01,Y
IDCJAC0005,086071,2005,03,35.9,01,Y
IDCJAC0005,086071,2005,04,34.5,10,Y
IDCJAC0005,086071,2005,05,22.9,04,Y
IDCJAC0005,086071,2005,06,22.3,08,Y
IDCJAC0005,086071,2005,07,19.1,28,Y
IDCJAC0005,086071,2005,08,21.7,29,Y
IDCJAC0005,086071,2005,09,24.6,08,Y
IDCJAC0005,086071,2005,10,26.8,31,Y
IDCJAC0005,086071,2005,11,32.7,02,Y
IDCJAC0005,086071,2005,12,42.9,31,Y
IDCJAC0005,086071,2006,01,42.4,22,Y
IDCJAC0005,086071,2006,02,36.5,24,Y
IDCJAC0005,086071,2006,03,38.1,12,Y
IDCJAC0005,086071,2006,04,27.5,11,Y
IDCJAC0005,086071,2006,05,21.4,16,Y
IDCJAC0005,086071,2006,06,17.0,21,Y
IDCJAC0005,086071,2006,07,18.4,26,Y
IDCJAC0005,086071,2006,08,23.6,31,Y
IDCJAC0005,086071,2006,09,30.1,19,Y
IDCJAC0005,086071,2006,10,36.6,12,Y
IDCJAC0005,086071,2006,11,36.3,21,Y
IDCJAC0005,086071,2006,12,42.1,10,Y
IDCJAC0005,086071,2007,01,40.8,16,Y
IDCJAC0005,086071,2007,02,38.5,18,Y
IDCJAC0005,086071,2007,03,37.4,23,Y
IDCJAC0005,086071,2007,04,29.3,10,Y
IDCJAC0005,086071,2007,05,23.9,13,Y
IDCJAC0005,086071,2007,06,16.8,10,Y
IDCJAC0005,086071,2007,07,18.2,25,Y
IDCJAC0005,086071,2007,08,25.7,27,Y
IDCJAC0005,086071,2007,09,22.3,13,Y
IDCJAC0005,086071,2007,10,33.5,21,Y
IDCJAC0005,086071,2007,11,36.9,19,Y
IDCJAC0005,086071,2007,12,41.1,31,Y
IDCJAC0005,086071,2008,01,41.2,10,Y
IDCJAC0005,086071,2008,02,35.5,19,Y
IDCJAC0005,086071,2008,03,39.2,14,Y
IDCJAC0005,086071,2008,04,26.8,11,Y
IDCJAC0005,086071,2008,05,21.9,15,Y
IDCJAC0005,086071,2008,06,19.3,11,Y
IDCJAC0005,086071,2008,07,18.9,14,Y
IDCJAC0005,086071,2008,08,19.3,29,Y
IDCJAC0005,086071,2008,09,28.2,26,Y
IDCJAC0005,086071,2008,10,31.7,18,Y
IDCJAC0005,086071,2008,11,35.4,12,Y
IDCJAC0005,086071,2008,12,35.2,22,Y
IDCJAC0005,086071,2009,01,45.1,30,Y
IDCJAC0005,086071,2009,02,46.4,07,Y
IDCJAC0005,086071,2009,03,34.6,21,Y
IDCJAC0005,086071,2009,04,32.8,02,Y
IDCJAC0005,086071,2009,05,22.8,23,Y
IDCJAC0005,086071,2009,06,19.4,30,Y
IDCJAC0005,086071,2009,07,19.6,21,Y
IDCJAC0005,086071,2009,08,19.7,28,Y
IDCJAC0005,086071,2009,09,29.9,12,Y
IDCJAC0005,086071,2009,10,33.1,31,Y
IDCJAC0005,086071,2009,11,38.3,20,Y
IDCJAC0005,086071,2009,12,39.2,16,Y
IDCJAC0005,086071,2010,01,43.6,11,Y
IDCJAC0005,086071,2010,02,35.3,08,Y
IDCJAC0005,086071,2010,03,33.0,17,Y
IDCJAC0005,086071,2010,04,30.1,22,Y
IDCJAC0005,086071,2010,05,23.5,04,Y
IDCJAC0005,086071,2010,06,18.3,24,Y
IDCJAC0005,086071,2010,07,17.9,31,Y
IDCJAC0005,086071,2010,08,18.6,30,Y
IDCJAC0005,086071,2010,09,22.1,26,Y
IDCJAC0005,086071,2010,10,28.9,22,Y
IDCJAC0005,086071,2010,11,33.3,22,Y
IDCJAC0005,086071,2010,12,41.1,31,Y
IDCJAC0005,086071,2011,01,38.1,30,Y
IDCJAC0005,086071,2011,02,40.2,01,Y
IDCJAC0005,086071,2011,03,32.5,13,Y
IDCJAC0005,086071,2011,04,27.1,09,Y
IDCJAC0005,086071,2011,05,21.3,21,Y
IDCJAC0005,086071,2011,06,19.5,02,Y
IDCJAC0005,086071,2011,07,19.4,31,Y
IDCJAC0005,086071,2011,08,23.2,03,Y
IDCJAC0005,086071,2011,09,28.3,19,Y
IDCJAC0005,086071,2011,10,30.3,23,Y
IDCJAC0005,086071,2011,11,35.0,18,Y
IDCJAC0005,086071,2011,12,35.6,31,Y
IDCJAC0005,086071,2012,01,40.0,02,Y
IDCJAC0005,086071,2012,02,37.1,25,Y
IDCJAC0005,086071,2012,03,31.6,14,Y
IDCJAC0005,086071,2012,04,28.5,06,Y
IDCJAC0005,086071,2012,05,22.6,01,Y
IDCJAC0005,086071,2012,06,17.7,01,Y
IDCJAC0005,086071,2012,07,17.6,21,Y
IDCJAC0005,086071,2012,08,21.2,22,Y
IDCJAC0005,086071,2012,09,26.6,27,Y
IDCJAC0005,086071,2012,10,32.0,30,Y
IDCJAC0005,086071,2012,11,39.6,29,Y
IDCJAC0005,086071,2012,12,38.3,23,Y
IDCJAC0005,086071,2013,01,41.1,04,Y
IDCJAC0005,086071,2013,02,37.2,06,Y
IDCJAC0005,086071,2013,03,37.1,11,Y
IDCJAC0005,086071,2013,04,28.2,06,Y
IDCJAC0005,086071,2013,05,25.5,09,Y
IDCJAC0005,086071,2013,06,18.3,30,Y
IDCJAC0005,086071,2013,07,23.3,18,Y
IDCJAC0005,086071,2013,08,23.1,29,Y
IDCJAC0005,086071,2013,09,24.8,25,Y
IDCJAC0005,086071,2013,10,31.6,20,Y
IDCJAC0005,086071,2013,11,33.1,27,Y
IDCJAC0005,086071,2013,12,39.9,19,Y
IDCJAC0005,086071,2014,01,43.9,17,Y
IDCJAC0005,086071,2014,02,41.0,08,Y
IDCJAC0005,086071,2014,03,33.7,04,Y
IDCJAC0005,086071,2014,04,33.4,01,Y
IDCJAC0005,086071,2014,05,23.8,21,Y
IDCJAC0005,086071,2014,06,19.0,10,Y
IDCJAC0005,086071,2014,07,19.9,31,Y
IDCJAC0005,086071,2014,08,21.6,31,Y
IDCJAC0005,086071,2014,09,28.0,28,Y
IDCJAC0005,086071,2014,10,32.9,31,Y
IDCJAC0005,086071,2014,11,35.2,08,Y
IDCJAC0005,086071,2014,12,33.8,21,Y
IDCJAC0005,086071,2015,01,39.4,02,Y
